,locusTag,baseMean,log2FoldChange,lfcSE,pvalue,padj,abs_log2,name,symbol,chromosome,KO_anno,KO_desc
10,Bcen2424_3188,1642.958721,-2.850712489,0.52030054,1.72E-09,9.20E-07,2.850712489,SRPBCC family protein,,2,NA,no KO assigned 
18,Bcen2424_2770,69.29924708,-1.939866502,0.389105637,2.70E-08,8.01E-06,1.939866502,hypothetical protein,,1,NA,no KO assigned 
6,Bcen2424_5095,580.1780278,-1.891122966,0.293682774,5.52E-12,4.92E-09,1.891122966,glycosyltransferase,,2,K18101,K18101 rhamnosyltransferase subunit B [EC:2.4.1.-] 
8,Bcen2424_5093,288.0804372,-1.875190086,0.331285115,6.69E-10,4.47E-07,1.875190086,glycosyltransferase family 2 protein,,2,K12990,K12990 rhamnosyltransferase [EC:2.4.1.-] 
74,BCEN2424_RS36775,9.779770818,-1.796560939,0.4895401,1.29E-05,NA,1.796560939,hypothetical protein,,1,NA,NA
14,Bcen2424_5096,1290.559966,-1.77519969,0.333486241,4.52E-09,1.73E-06,1.77519969,isoprenylcysteine carboxylmethyltransferase family protein,,2,NA,no KO assigned 
7,Bcen2424_5094,345.4052379,-1.735091938,0.304953057,5.71E-10,4.36E-07,1.735091938,DHA2 family efflux MFS transporter permease subunit,,2,K03446,"K03446 MFS transporter, DHA2 family, multidrug resistance protein "
22,Bcen2424_2773,1747.083796,-1.732425527,0.359717519,6.19E-08,1.48E-05,1.732425527,TIGR01841 family phasin,phaP,1,NA,no KO assigned 
287,Bcen2424_5633,6.442214861,-1.63987819,0.787201889,0.001751129,NA,1.63987819,3-(3-hydroxy-phenyl)propionate transporter MhpT,mhpT,2,K05819,"K05819 MFS transporter, AAHS family, 3-hydroxyphenylpropionic acid transporter "
49,Bcen2424_5090,106.2420308,-1.624539718,0.408530654,2.86E-06,0.00030812,1.624539718,"formaldehyde dehydrogenase, glutathione-independent",fdhA,2,K00148,K00148 glutathione-independent formaldehyde dehydrogenase [EC:1.2.1.46] 
51,Bcen2424_5092,570.9172729,-1.603211134,0.409031707,3.56E-06,0.000373578,1.603211134,efflux transporter outer membrane subunit,,2,NA,no KO assigned 
29,Bcen2424_2772,728.8472093,-1.54116197,0.341252227,2.49E-07,4.50E-05,1.54116197,acetyl-CoA C-acetyltransferase,,1,K00626,K00626 acetyl-CoA C-acetyltransferase [EC:2.3.1.9] 
87,Bcen2424_2535,79.30546523,-1.536463094,0.447628947,2.39E-05,0.001470088,1.536463094,DUF2917 domain-containing protein,,1,NA,no KO assigned 
43,Bcen2424_5091,200.2544262,-1.529756654,0.379382443,2.29E-06,0.000284061,1.529756654,HlyD family efflux transporter periplasmic adaptor subunit,,2,K03543,"K03543 membrane fusion protein, multidrug efflux system "
45,Bcen2424_R0005,189.703959,-1.500826183,0.372080741,2.42E-06,0.000284634,1.500826183,tRNA-Arg,,1,K14219,K14219 tRNA Arg 
96,Bcen2424_3176,548.6442238,-1.488644572,0.448878482,3.39E-05,0.001908482,1.488644572,fucose-binding lectin II,,2,K20277,K20277 mannose-binding lectin 
61,Bcen2424_R0045,3877.918367,-1.482802408,0.394691444,7.03E-06,0.000598495,1.482802408,tRNA-His,,1,K14226,K14226 tRNA His 
32,Bcen2424_4917,474.5638472,-1.46161763,0.328440664,3.68E-07,6.16E-05,1.46161763,YodC family protein,,2,NA,no KO assigned 
48,Bcen2424_2257,423.3859576,-1.444154702,0.358272108,2.56E-06,0.000284634,1.444154702,carbonic anhydrase,,1,K01673,K01673 carbonic anhydrase [EC:4.2.1.1] 
100,Bcen2424_3178,2243.808415,-1.417952414,0.435038186,4.14E-05,0.002234453,1.417952414,hypothetical protein,,2,K20277,K20277 mannose-binding lectin 
72,Bcen2424_3189,280.0768378,-1.384570065,0.382082166,1.19E-05,0.000881227,1.384570065,LysR family transcriptional regulator,,2,NA,no KO assigned 
112,Bcen2424_3181,572.1342903,-1.36975258,0.445304408,8.44E-05,0.00406464,1.36975258,AraC family transcriptional regulator,,2,NA,no KO assigned 
105,Bcen2424_3180,385.3546987,-1.325331004,0.425383965,6.68E-05,0.003404403,1.325331004,LuxR family transcriptional regulator,,2,K20540,"K20540 LuxR family transcriptional regulator, quorum-sensing system regulator CepR2 "
12,Bcen2424_0492,444.5220906,-1.296453084,0.237656825,2.46E-09,1.10E-06,1.296453084,peptidase M1,,1,K01256,K01256 aminopeptidase N [EC:3.4.11.2] 
23,Bcen2424_5106,46.41506814,-1.296433408,0.266914606,6.37E-08,1.48E-05,1.296433408,cupin domain-containing protein,,2,NA,no KO assigned 
117,Bcen2424_1572,4918.889432,-1.294235904,0.422879554,0.000101802,0.004690773,1.294235904,curculin (mannose-binding) lectin,,1,NA,no KO assigned 
204,Bcen2424_2771,1006.413181,-1.242994012,0.548900291,0.000713088,0.01886859,1.242994012,acetoacetyl-CoA reductase,phbB,1,K00023,K00023 acetoacetyl-CoA reductase [EC:1.1.1.36] 
58,Bcen2424_3976,61.21946248,-1.204014686,0.31293059,5.42E-06,0.000499563,1.204014686,hypothetical protein,,2,NA,no KO assigned 
16,Bcen2424_3436,271.0051379,-1.156918179,0.225217359,1.47E-08,4.90E-06,1.156918179,hypothetical protein,,2,NA,no KO assigned 
60,Bcen2424_3972,38.99592154,-1.148921173,0.298435171,5.97E-06,0.000531444,1.148921173,hypothetical protein,,2,NA,no KO assigned 
130,Bcen2424_5097,1595.217565,-1.14450478,0.400076584,0.000162084,0.00671581,1.14450478,alpha/beta hydrolase,,2,K18100,K18100 rhamnosyltransferase subunit A [EC:2.4.1.-] 
31,Bcen2424_R0074,246.9102811,-1.129899256,0.248909563,2.77E-07,4.77E-05,1.129899256,tRNA-Phe,,2,NA,no KO assigned 
44,Bcen2424_4228,2984.273821,-1.123011292,0.276738439,2.35E-06,0.000284634,1.123011292,DUF3564 family protein,,2,NA,no KO assigned 
240,Bcen2424_R0021,53.00249955,-1.106113004,0.529675014,0.001170342,0.026196762,1.106113004,tRNA-Pro,,1,K14232,K14232 tRNA Pro 
89,Bcen2424_R0008,506.3311074,-1.09926893,0.318404794,2.50E-05,0.001470088,1.09926893,tRNA-Ile,,1,K14227,K14227 tRNA Ile 
90,Bcen2424_R0017,506.3311074,-1.09926893,0.318404794,2.50E-05,0.001470088,1.09926893,tRNA-Ile,,1,K14227,K14227 tRNA Ile 
91,Bcen2424_R0064,506.3311074,-1.09926893,0.318404794,2.50E-05,0.001470088,1.09926893,tRNA-Ile,,1,K14227,K14227 tRNA Ile 
92,Bcen2424_R0080,506.3311074,-1.09926893,0.318404794,2.50E-05,0.001470088,1.09926893,tRNA-Ile,,2,K14227,K14227 tRNA Ile 
84,Bcen2424_3821,56.48634984,-1.09414763,0.31352543,2.19E-05,0.00140724,1.09414763,UDP-glucose/GDP-mannose dehydrogenase family protein,,2,K00012,K00012 UDPglucose 6-dehydrogenase [EC:1.1.1.22] 
56,Bcen2424_2258,348.4605215,-1.09283925,0.282108842,4.91E-06,0.000469104,1.09283925,SulP family inorganic anion transporter,,1,NA,no KO assigned 
196,Bcen2424_4933,1488.596104,-1.090366846,0.465100936,0.000640231,0.017639355,1.090366846,membrane protein,,2,K19231,K19231 fibronectin-binding autotransporter adhesin 
66,Bcen2424_R0022,303120.2358,-1.04424384,0.276425364,7.52E-06,0.000608837,1.04424384,RNase P RNA component class A,rnpB,1,K01978,K01978 M1 RNA 
279,Bcen2424_3177,778.3814162,-1.043408035,0.539885273,0.001626332,0.031381748,1.043408035,fucose-binding lectin II,,2,K20277,K20277 mannose-binding lectin 
127,Bcen2424_1573,169.4553028,-1.035632419,0.357382902,0.000155262,0.006584183,1.035632419,DNA methyltransferase,,1,NA,no KO assigned 
54,Bcen2424_4843,76.60229346,-1.014276188,0.260972747,4.72E-06,0.000467601,1.014276188,asparagine synthase (glutamine-hydrolyzing),asnB,2,K01953,K01953 asparagine synthase (glutamine-hydrolysing) [EC:6.3.5.4] 
177,Bcen2424_5232,100.2894451,-1.007630814,0.398251865,0.000445313,0.013601139,1.007630814,hypothetical protein,,2,NA,no KO assigned 
62,Bcen2424_2768,55.00703404,-1.002266613,0.262780842,7.05E-06,0.000598495,1.002266613,hotdog family protein,,1,NA,no KO assigned 
145,Bcen2424_1625,36.84981886,-0.979099932,0.355757107,0.000255214,0.009473065,0.979099932,hypothetical protein,,1,NA,no KO assigned 
102,Bcen2424_4185,116.0058895,-0.978458062,0.294917277,4.27E-05,0.002258325,0.978458062,hypothetical protein,,2,NA,no KO assigned 
36,Bcen2424_1236,2687.935097,-0.966487207,0.222691192,8.19E-07,0.000120827,0.966487207,hypothetical protein,,1,NA,no KO assigned 
164,Bcen2424_3421,19.30672604,-0.960130405,0.364971388,0.000387052,NA,0.960130405,hypothetical protein,,2,NA,no KO assigned 
120,BCEN2424_RS34440,59427.16492,-0.925359048,0.307843358,0.000119581,0.005371117,0.925359048,6S RNA,ssrS,1,NA,NA
65,Bcen2424_5112,400.9621248,-0.915119964,0.241602862,7.50E-06,0.000608837,0.915119964,YciI family protein,,2,NA,no KO assigned 
317,Bcen2424_4216,15.22330867,-0.905074078,0.519034538,0.002613353,NA,0.905074078,Crp/Fnr family transcriptional regulator,,2,NA,no KO assigned 
226,Bcen2424_3977,123.8732404,-0.898387599,0.40673694,0.001002585,0.023923297,0.898387599,UTP--glucose-1-phosphate uridylyltransferase GalU,galU,2,K00963,K00963 UTP--glucose-1-phosphate uridylyltransferase [EC:2.7.7.9] 
21,Bcen2424_1211,437.3232982,-0.887497533,0.180668377,5.10E-08,1.30E-05,0.887497533,hypothetical protein,,1,NA,no KO assigned 
53,Bcen2424_0786,333.2913421,-0.879429706,0.223187318,4.42E-06,0.000445548,0.879429706,adenylyl-sulfate kinase,cysC,1,K00860,K00860 adenylylsulfate kinase [EC:2.7.1.25] 
128,BCEN2424_RS36745,306337.8975,-0.877105834,0.299393345,0.000156444,0.006584183,0.877105834,phenylacetate-CoA oxygenase,,1,NA,NA
157,Bcen2424_4942,115.1849508,-0.876482052,0.326523773,0.000318755,0.010864905,0.876482052,cytochrome c,,2,NA,no KO assigned 
64,BCEN2424_RS34435,320.0574731,-0.81253492,0.212431386,7.48E-06,0.000608837,0.81253492,cytochrome bd-I oxidase subunit CydX,cydX,1,NA,NA
200,Bcen2424_4222,34.40684953,-0.81150128,0.332935916,0.000663375,0.017907773,0.81150128,2'-phosphotransferase,,2,K07559,K07559 putative RNA 2'-phosphotransferase [EC:2.7.1.-] 
156,BCEN2424_RS36880,6963.606036,-0.804913511,0.294993977,0.000318038,0.010864905,0.804913511,hypothetical protein,,1,NA,NA
159,Bcen2424_3818,1484.092821,-0.802178561,0.297071099,0.000327014,0.011062592,0.802178561,transposase,,2,NA,no KO assigned 
183,Bcen2424_2143,459.9851361,-0.800660072,0.316656431,0.000515652,0.015227388,0.800660072,aspartate/glutamate racemase family protein,,1,K01779,K01779 aspartate racemase [EC:5.1.1.13] 
115,Bcen2424_5663,89.96727066,-0.781722797,0.250250137,9.88E-05,0.00463066,0.781722797,multidrug efflux SMR transporter,,2,K03297,K03297 small multidrug resistance pump 
76,Bcen2424_2046,2497.140081,-0.778143944,0.210518793,1.34E-05,0.000938402,0.778143944,acyl-CoA-binding protein,,1,NA,no KO assigned 
376,BCEN2424_RS37010,31.56542173,-0.772880866,0.561649353,0.004465926,0.064340635,0.772880866,hypothetical protein,,2,NA,NA
47,Bcen2424_3103,288.0528738,-0.765812358,0.18642361,2.53E-06,0.000284634,0.765812358,AraC family transcriptional regulator,,1,NA,no KO assigned 
203,Bcen2424_1902,156.8581483,-0.765244213,0.316296637,0.000705606,0.018763512,0.765244213,hypothetical protein,,1,NA,no KO assigned 
388,Bcen2424_5819,18.82693053,-0.75231845,0.530571067,0.004933165,NA,0.75231845,DUF1302 domain-containing protein,,2,NA,no KO assigned 
193,Bcen2424_4918,105.7332501,-0.751559956,0.302150205,0.000618354,0.017304199,0.751559956,hypothetical protein,,2,NA,no KO assigned 
121,Bcen2424_1731,218.3244699,-0.747584068,0.244841724,0.000122673,0.00546408,0.747584068,D-glycerate dehydrogenase,,1,K00090,K00090 glyoxylate/hydroxypyruvate/2-ketogluconate reductase [EC:1.1.1.79 1.1.1.81 1.1.1.215] 
340,Bcen2424_3975,18.05345787,-0.746185193,0.435537894,0.003145393,NA,0.746185193,acyltransferase,,2,NA,no KO assigned 
309,Bcen2424_5443,877.2597713,-0.740867046,0.391718024,0.00244656,0.04260665,0.740867046,hypothetical protein,,2,NA,no KO assigned 
123,Bcen2424_3714,89.1655452,-0.729188158,0.240134006,0.00013126,0.005750697,0.729188158,GGDEF domain-containing protein,,2,NA,no KO assigned 
384,Bcen2424_1747,642.7009307,-0.729115525,0.534875438,0.004786241,0.067499896,0.729115525,sulfite exporter TauE/SafE family protein,,1,K07090,K07090 uncharacterized protein 
323,Bcen2424_1525,581.191292,-0.726675769,0.401633549,0.002796653,0.046859276,0.726675769,type II secretion system F family protein,,1,K12511,K12511 tight adherence protein C 
144,Bcen2424_2769,81.78945418,-0.724686211,0.256023357,0.000255057,0.009473065,0.724686211,hypothetical protein,,1,NA,no KO assigned 
192,Bcen2424_4221,213.6322245,-0.717844434,0.288240963,0.000606568,0.017063724,0.717844434,DUF3995 domain-containing protein,,2,NA,no KO assigned 
211,Bcen2424_3819,280.7433719,-0.716146847,0.301620379,0.000836179,0.021374221,0.716146847,mannose-1-phosphate guanylyltransferase/mannose-6-phosphate isomerase,,2,K16011,K16011 mannose-1-phosphate guanylyltransferase / mannose-6-phosphate isomerase [EC:2.7.7.13 5.3.1.8] 
327,Bcen2424_1517,28871.74429,-0.709545343,0.403285669,0.002891697,0.04785176,0.709545343,Flp family type IVb pilin,,1,K02651,K02651 pilus assembly protein Flp/PilA 
261,Bcen2424_1325,337.6120309,-0.704684433,0.326959185,0.001384977,0.028581859,0.704684433,hypothetical protein,,1,NA,no KO assigned 
34,Bcen2424_3785,1185.991249,-0.703202846,0.155194272,4.09E-07,6.43E-05,0.703202846,HAMP domain-containing histidine kinase,,2,NA,no KO assigned 
353,Bcen2424_1065,1162.638257,-0.694306921,0.426863253,0.003571739,0.054843192,0.694306921,winged helix-turn-helix transcriptional regulator,,1,K03719,"K03719 Lrp/AsnC family transcriptional regulator, leucine-responsive regulatory protein "
19,Bcen2424_3608,315.3760202,-0.69390632,0.138548699,3.64E-08,1.02E-05,0.69390632,YbfB/YjiJ family MFS transporter,,2,NA,no KO assigned 
354,Bcen2424_1524,410.8266809,-0.688519997,0.414822685,0.003585137,0.054843192,0.688519997,pilus assembly protein,,1,K12510,K12510 tight adherence protein B 
331,Bcen2424_5856,2898.657006,-0.686890506,0.380558676,0.002999819,0.04903374,0.686890506,hypothetical protein,,2,NA,no KO assigned 
297,Bcen2424_5857,1675.829513,-0.686688177,0.350247581,0.002125067,0.038634304,0.686688177,NAD(P)/FAD-dependent oxidoreductase,,2,K03885,K03885 NADH dehydrogenase [EC:1.6.99.3] 
343,Bcen2424_R0057,99.03502685,-0.686054906,0.399413555,0.003284823,0.051864464,0.686054906,tRNA-Ser,,1,K14233,K14233 tRNA Ser 
181,Bcen2424_5720,2659.910308,-0.68535649,0.272551231,0.000510376,0.015190759,0.68535649,TOMM system kinase/cyclase fusion protein,,2,NA,no KO assigned 
276,Bcen2424_2957,35.0778625,-0.68015368,0.316058552,0.001547829,0.030078759,0.68015368,alpha/beta hydrolase,,1,K07002,K07002 uncharacterized protein 
180,Bcen2424_5247,823.7397046,-0.675780622,0.264168546,0.000503224,0.015110861,0.675780622,hypothetical protein,,2,NA,no KO assigned 
97,Bcen2424_4683,820.4552022,-0.673137416,0.194397209,3.45E-05,0.001919124,0.673137416,NAD-glutamate dehydrogenase,,2,K15371,K15371 glutamate dehydrogenase [EC:1.4.1.2] 
215,Bcen2424_2967,1785.701691,-0.650156122,0.275256489,0.000857448,0.02151671,0.650156122,LysR family transcriptional regulator,,1,NA,no KO assigned 
216,Bcen2424_1578,86.62439844,-0.650138291,0.269189929,0.000873634,0.021820428,0.650138291,hypothetical protein,,1,NA,no KO assigned 
290,Bcen2424_5191,34.82766584,-0.648852888,0.314864062,0.001916209,0.035606167,0.648852888,BON domain-containing protein,,2,K04065,K04065 hyperosmotically inducible periplasmic protein 
223,BCEN2424_RS34610,76.72078737,-0.648778143,0.275309137,0.000980955,0.023724897,0.648778143,hypothetical protein,,1,NA,NA
248,Bcen2424_0486,1124.77524,-0.639213997,0.281779643,0.001235977,0.026854856,0.639213997,M15 family metallopeptidase,,1,K17733,K17733 peptidoglycan LD-endopeptidase CwlK [EC:3.4.-.-] 
219,Bcen2424_3792,268.6265044,-0.636552917,0.266781609,0.000935977,0.023054372,0.636552917,chemotaxis response regulator protein-glutamate methylesterase,,2,K13491,"K13491 two-component system, chemotaxis family, response regulator WspF [EC:3.1.1.61] "
321,Bcen2424_1520,945.2852286,-0.62646581,0.339444076,0.002757091,0.046487864,0.62646581,Flp pilus assembly protein CpaB,cpaB,1,K02279,K02279 pilus assembly protein CpaB 
372,Bcen2424_R0009,59.54384797,-0.622430642,0.384518873,0.004459594,0.064340635,0.622430642,tRNA-Ala,,1,K14218,K14218 tRNA Ala 
373,Bcen2424_R0018,59.54384797,-0.622430642,0.384518873,0.004459594,0.064340635,0.622430642,tRNA-Ala,,1,K14218,K14218 tRNA Ala 
374,Bcen2424_R0063,59.54384797,-0.622430642,0.384518873,0.004459594,0.064340635,0.622430642,tRNA-Ala,,1,K14218,K14218 tRNA Ala 
375,Bcen2424_R0079,59.54384797,-0.622430642,0.384518873,0.004459594,0.064340635,0.622430642,tRNA-Ala,,2,K14218,K14218 tRNA Ala 
194,Bcen2424_4463,2723.831681,-0.618571579,0.2419068,0.000622809,0.017338101,0.618571579,translation initiation factor IF-1,infA,2,K02518,K02518 translation initiation factor IF-1 
178,Bcen2424_3786,736.1007572,-0.611228019,0.228158909,0.00045986,0.013965629,0.611228019,methyl-accepting chemotaxis protein,,2,K13487,K13487 methyl-accepting chemotaxis protein WspA 
392,Bcen2424_1005,11189.12573,-0.607437154,0.402377745,0.005153218,0.071357388,0.607437154,cold-shock protein,,1,K03704,K03704 cold shock protein 
186,Bcen2424_5860,500.7048743,-0.604479098,0.230261264,0.000544745,0.01582425,0.604479098,helix-turn-helix transcriptional regulator,,2,K07506,K07506 AraC family transcriptional regulator 
435,Bcen2424_R0027,703.1750389,-0.597271923,0.451458401,0.006334277,0.078510055,0.597271923,tRNA-Arg,,1,K14219,K14219 tRNA Arg 
436,Bcen2424_R0028,703.1750389,-0.597271923,0.451458401,0.006334277,0.078510055,0.597271923,tRNA-Arg,,1,K14219,K14219 tRNA Arg 
437,Bcen2424_R0029,703.1750389,-0.597271923,0.451458401,0.006334277,0.078510055,0.597271923,tRNA-Arg,,1,K14219,K14219 tRNA Arg 
473,Bcen2424_1064,3315.859958,-0.594098944,0.585517218,0.007864155,0.089898817,0.594098944,D-amino acid dehydrogenase,,1,K00285,K00285 D-amino-acid dehydrogenase [EC:1.4.5.1] 
182,Bcen2424_1738,632.2089233,-0.579535091,0.21727839,0.000511569,0.015190759,0.579535091,TetR/AcrR family transcriptional regulator,,1,NA,no KO assigned 
385,Bcen2424_0249,459.9284786,-0.577775202,0.361376925,0.004812437,0.067624629,0.577775202,H-NS histone family protein,,1,K03746,K03746 DNA-binding protein H-NS 
134,BCEN2424_RS37145,10802.44517,-0.574762146,0.18955711,0.000184286,0.00738575,0.574762146,hypothetical protein,,2,NA,NA
80,Bcen2424_1901,259.238147,-0.569446159,0.152484908,1.47E-05,0.000986658,0.569446159,GGDEF domain-containing protein,,1,NA,no KO assigned 
109,BCEN2424_RS36780,17829.84718,-0.568466607,0.172032081,7.23E-05,0.00357934,0.568466607,hypothetical protein,,1,NA,NA
236,Bcen2424_4916,241.5816304,-0.567348076,0.240029,0.00114985,0.026196762,0.567348076,cytochrome P450,,2,NA,no KO assigned 
189,Bcen2424_5608,260.7231556,-0.562850509,0.213727902,0.000576223,0.016470119,0.562850509,triacylglycerol lipase,,2,NA,no KO assigned 
220,Bcen2424_4596,492.6392655,-0.562776866,0.230420946,0.00094599,0.023194113,0.562776866,GlsB/YeaQ/YmgE family stress response membrane protein,,2,NA,no KO assigned 
93,Bcen2424_5548,188.4561474,-0.561784375,0.158114515,3.11E-05,0.001806789,0.561784375,acylphosphatase,,2,K01512,K01512 acylphosphatase [EC:3.6.1.7] 
379,Bcen2424_3817,42.10982335,-0.549076653,0.322916153,0.004525434,0.064584196,0.549076653,DUF3501 family protein,,2,NA,no KO assigned 
98,BCEN2424_RS34430,2333961.099,-0.54870316,0.156804393,3.85E-05,0.002122042,0.54870316,transfer-messenger RNA,ssrA,1,NA,NA
368,Bcen2424_1518,580.004752,-0.546656733,0.315548776,0.004159583,0.061247852,0.546656733,prepilin peptidase,,1,K02278,K02278 prepilin peptidase CpaA [EC:3.4.23.43] 
201,Bcen2424_0386,496.738362,-0.546292603,0.211176935,0.000683203,0.018350344,0.546292603,iron donor protein CyaY,cyaY,1,K06202,K06202 CyaY protein 
125,Bcen2424_0521,233.2400831,-0.542196802,0.173652033,0.000145777,0.006283681,0.542196802,hypothetical protein,,1,NA,no KO assigned 
137,Bcen2424_2091,2238.408965,-0.540927853,0.179187884,0.000202268,0.007949438,0.540927853,cupin domain-containing protein,,1,K18850,K18850 50S ribosomal protein L16 3-hydroxylase [EC:1.14.11.47] 
171,Bcen2424_3461,276.4004668,-0.538915944,0.193553094,0.000408491,0.012885827,0.538915944,LysE family translocator,,2,NA,no KO assigned 
206,Bcen2424_2832,267.040981,-0.538154548,0.209937488,0.000755562,0.019796458,0.538154548,hypothetical protein,,1,NA,no KO assigned 
263,Bcen2424_5188,62.7387255,-0.537526826,0.233630881,0.001411302,0.028856842,0.537526826,response regulator,,2,NA,no KO assigned 
432,Bcen2424_5298,43.54840924,-0.53131293,0.348946398,0.006273027,0.078510055,0.53131293,2-aminoethylphosphonate ABC transporter permease subunit,phnU,2,K11083,K11083 2-aminoethylphosphonate transport system permease protein 
514,Bcen2424_5110,742.5574131,-0.528959692,0.53299825,0.009340082,0.098466938,0.528959692,hypothetical protein,,2,NA,no KO assigned 
168,Bcen2424_3788,300.0049181,-0.528453771,0.188916738,0.000401007,0.012847221,0.528453771,chemotaxis protein CheR,,2,K13486,K13486 chemotaxis protein methyltransferase WspC 
477,Bcen2424_4324,27.90374513,-0.517890838,0.393394356,0.007977513,0.090530378,0.517890838,FUSC family protein,,2,NA,no KO assigned 
188,Bcen2424_4053,263.2422948,-0.513306838,0.190355184,0.00056739,0.016304826,0.513306838,LysR family transcriptional regulator,,2,NA,no KO assigned 
402,Bcen2424_0026,108.1031173,-0.510766104,0.310149221,0.005384718,0.072680102,0.510766104,hypothetical protein,,1,NA,no KO assigned 
295,Bcen2424_3473,380.6523192,-0.510086873,0.234800507,0.002076623,0.038012161,0.510086873,CsbD family protein,,2,NA,no KO assigned 
106,Bcen2424_3909,1609.944856,-0.508183755,0.151142609,6.69E-05,0.003404403,0.508183755,hypothetical protein,,2,NA,no KO assigned 
367,Bcen2424_0447,156.0796562,-0.507470545,0.276814627,0.004150113,0.061247852,0.507470545,DNA-binding protein,,1,NA,no KO assigned 
351,Bcen2424_4796,47.86503873,-0.50738591,0.261380567,0.003461007,0.053465562,0.50738591,cell envelope integrity protein CreD,creD,2,K06143,K06143 inner membrane protein 
454,Bcen2424_4540,41.97891402,-0.506679833,0.33795134,0.006830891,0.081498019,0.506679833,LysR family transcriptional regulator,,2,NA,no KO assigned 
466,Bcen2424_3787,100.165411,-0.50537111,0.356446708,0.007351372,0.085419741,0.50537111,chemotaxis protein CheW,,2,K13488,K13488 chemotaxis-related protein WspB 
176,BCEN2424_RS36855,791.2788244,-0.503112408,0.179629349,0.000431308,0.013249076,0.503112408,hypothetical protein,,1,NA,NA
318,Bcen2424_2063,457.6973204,-0.501916913,0.24577899,0.002647042,0.045058731,0.501916913,hypothetical protein,,1,NA,no KO assigned 
141,Bcen2424_4662,187.897756,-0.501787722,0.166958947,0.000237239,0.009031237,0.501787722,hypothetical protein,,2,NA,no KO assigned 
344,Bcen2424_3425,280.5175629,-0.499626613,0.259158365,0.003289439,0.051864464,0.499626613,helix-turn-helix domain-containing protein,,2,NA,no KO assigned 
232,Bcen2424_2521,3043.565319,-0.494206366,0.19805317,0.001064797,0.024744966,0.494206366,multicopper oxidase family protein,,1,NA,no KO assigned 
88,Bcen2424_1487,1691.55339,-0.493857671,0.135629423,2.39E-05,0.001470088,0.493857671,antibiotic biosynthesis monooxygenase,,1,NA,no KO assigned 
445,Bcen2424_R0033,320.3886177,-0.492356927,0.32377994,0.006530688,0.079153126,0.492356927,tRNA-Gly,,1,K14225,K14225 tRNA Gly 
446,Bcen2424_R0034,320.3886177,-0.492356927,0.32377994,0.006530688,0.079153126,0.492356927,tRNA-Gly,,1,K14225,K14225 tRNA Gly 
447,Bcen2424_R0035,320.3886177,-0.492356927,0.32377994,0.006530688,0.079153126,0.492356927,tRNA-Gly,,1,K14225,K14225 tRNA Gly 
272,Bcen2424_1936,264.1307238,-0.490269393,0.209610256,0.001519445,0.029890449,0.490269393,DUF1800 domain-containing protein,,1,NA,no KO assigned 
237,Bcen2424_1470,124.8968687,-0.489588183,0.202264823,0.001163645,0.026196762,0.489588183,LysR family transcriptional regulator,,1,NA,no KO assigned 
518,Bcen2424_3172,28.47517464,-0.487699375,0.383964671,0.009566388,0.100063296,0.487699375,M23 family metallopeptidase,,2,NA,no KO assigned 
235,Bcen2424_0788,312.4632861,-0.486642346,0.19769677,0.001131033,0.025945797,0.486642346,carboxymuconolactone decarboxylase family protein,,1,NA,no KO assigned 
283,Bcen2424_5166,116.2430598,-0.481787769,0.208534469,0.001690773,0.032160795,0.481787769,LysR family transcriptional regulator,,2,K03566,"K03566 LysR family transcriptional regulator, glycine cleavage system transcriptional activator "
500,Bcen2424_4769,45.51182805,-0.480894394,0.354394861,0.008910082,0.09622377,0.480894394,GNAT family N-acetyltransferase,,2,NA,no KO assigned 
167,Bcen2424_2918,3555.13404,-0.480180694,0.167345766,0.000400993,0.012847221,0.480180694,DUF1840 domain-containing protein,,1,NA,no KO assigned 
383,Bcen2424_1324,56.24460934,-0.479474958,0.266677073,0.00472598,0.066826354,0.479474958,molecular chaperone,,1,NA,no KO assigned 
233,Bcen2424_0733,937.8923248,-0.477776917,0.192329889,0.00108907,0.025199479,0.477776917,glycolate oxidase subunit GlcE,glcE,1,K11472,K11472 glycolate oxidase FAD binding subunit 
408,Bcen2424_3826,47.81660784,-0.474814828,0.279664563,0.005504189,0.073183806,0.474814828,glycosyltransferase family 4 protein,,2,NA,no KO assigned 
371,Bcen2424_1170,145.5292535,-0.473895497,0.260065482,0.004395283,0.064187949,0.473895497,glycosyltransferase,,1,K00720,K00720 ceramide glucosyltransferase [EC:2.4.1.80] 
210,Bcen2424_4560,108.9197853,-0.472142578,0.182193521,0.000826115,0.02122878,0.472142578,multidrug effflux MFS transporter,,2,NA,no KO assigned 
365,Bcen2424_3974,48.75837732,-0.471789316,0.246454974,0.004086509,0.06067331,0.471789316,glycosyltransferase,,2,NA,no KO assigned 
308,Bcen2424_3439,111.5048822,-0.471546607,0.218977083,0.002411855,0.042266764,0.471546607,response regulator transcription factor,,2,NA,no KO assigned 
433,Bcen2424_3200,38.62742866,-0.469834142,0.283196015,0.006291773,0.078510055,0.469834142,carbonic anhydrase family protein,,2,K01674,K01674 carbonic anhydrase [EC:4.2.1.1] 
315,Bcen2424_1729,216.1746526,-0.464352349,0.215668295,0.002588973,0.044312665,0.464352349,LacI family DNA-binding transcriptional regulator,,1,K02525,"K02525 LacI family transcriptional regulator, kdg operon repressor "
185,Bcen2424_0494,173.8493039,-0.461135017,0.165811792,0.000541881,0.01582425,0.461135017,hypothetical protein,,1,NA,no KO assigned 
209,Bcen2424_1675,350.3299373,-0.453391561,0.172875864,0.000818227,0.021127653,0.453391561,bifunctional cobalt-precorrin-7 (C(5))-methyltransferase/cobalt-precorrin-6B (C(15))-methyltransferase,,1,K00595,"K00595 precorrin-6Y C5,15-methyltransferase (decarboxylating) [EC:2.1.1.132] "
314,Bcen2424_2850,267.5298774,-0.451973651,0.210051539,0.002574569,0.044247817,0.451973651,ComF family protein,,1,NA,no KO assigned 
332,Bcen2424_3655,177.8751983,-0.451830946,0.216624492,0.003019785,0.04917414,0.451830946,OmpA family protein,,2,NA,no KO assigned 
474,Bcen2424_3028,3700.11458,-0.446095878,0.298768449,0.007871402,0.089898817,0.446095878,flagellar protein FlgN,,1,K02399,K02399 flagella synthesis protein FlgN 
336,Bcen2424_5063,139.7798103,-0.446089015,0.213249321,0.003070832,0.049438546,0.446089015,helix-turn-helix domain-containing protein,,2,K04033,"K04033 AraC family transcriptional regulator, ethanolamine operon transcriptional activator "
370,BCEN2424_RS36835,144.4031989,-0.44602469,0.231357536,0.004333451,0.063458343,0.44602469,hypothetical protein,,1,NA,NA
487,Bcen2424_0487,2170.961162,-0.443858398,0.298758247,0.008475986,0.09370274,0.443858398,hypothetical protein,,1,NA,no KO assigned 
305,Bcen2424_5784,199.3405965,-0.440987066,0.197266246,0.002308084,0.040850035,0.440987066,TetR/AcrR family transcriptional regulator,,2,NA,no KO assigned 
481,Bcen2424_2801,13008.43138,-0.438571678,0.3001736,0.008166118,0.091890317,0.438571678,4-(cytidine 5'-diphospho)-2-C-methyl-D-erythritol kinase,ispE,1,K00919,K00919 4-diphosphocytidyl-2-C-methyl-D-erythritol kinase [EC:2.7.1.148] 
347,Bcen2424_3587,150.3802923,-0.436064838,0.209624658,0.00336254,0.052506445,0.436064838,hypothetical protein,,2,NA,no KO assigned 
306,Bcen2424_5146,274.1778745,-0.42921948,0.190652344,0.002322962,0.040977664,0.42921948,lytic transglycosylase domain-containing protein,,2,NA,no KO assigned 
334,Bcen2424_1728,198.4727708,-0.424931453,0.198389876,0.003059507,0.049438546,0.424931453,YhfC family intramembrane metalloprotease,,1,NA,no KO assigned 
451,Bcen2424_1709,58.09166867,-0.422604757,0.245213449,0.006716381,0.080672041,0.422604757,ABC transporter permease subunit,,1,K13894,K13894 microcin C transport system permease protein 
333,Bcen2424_1786,130.5972465,-0.413638209,0.191141848,0.003026809,0.04917414,0.413638209,FAD-dependent oxidoreductase,,1,NA,no KO assigned 
198,Bcen2424_2809,2330.104761,-0.408808395,0.146314427,0.0006513,0.017761208,0.408808395,signal recognition particle-docking protein FtsY,ftsY,1,K03110,K03110 fused signal recognition particle receptor 
394,Bcen2424_3007,238.9714571,-0.408735865,0.21413483,0.005195622,0.07156445,0.408735865,hypothetical protein,,1,NA,no KO assigned 
494,Bcen2424_5259,119.9108372,-0.401073632,0.248198693,0.008608909,0.094292247,0.401073632,penicillin-binding protein 1A,,2,K05366,K05366 penicillin-binding protein 1A [EC:2.4.1.129 3.4.16.4] 
444,Bcen2424_5855,142.731292,-0.401042,0.221477623,0.006522726,0.079153126,0.401042,histidine-type phosphatase,,2,NA,no KO assigned 
208,Bcen2424_4726,5525.637448,-0.400565926,0.147039039,0.000812257,0.021075308,0.400565926,GNAT family N-acetyltransferase,,2,K13061,K13061 acyl homoserine lactone synthase [EC:2.3.1.184] 
337,Bcen2424_0890,123.6049871,-0.400339856,0.183359866,0.003087514,0.049557847,0.400339856,glycosyltransferase family 4 protein,,1,NA,no KO assigned 
369,Bcen2424_1882,320.9711673,-0.398902242,0.195112794,0.004196154,0.061616608,0.398902242,asparaginase,,1,K01424,K01424 L-asparaginase [EC:3.5.1.1] 
517,Bcen2424_5719,2096.235574,-0.395577641,0.25998466,0.009522841,0.099803113,0.395577641,FHA domain-containing protein,,2,NA,no KO assigned 
397,Bcen2424_3013,284.1898706,-0.394556626,0.203750071,0.005244722,0.071695758,0.394556626,pyrimidine permease,,1,K09016,K09016 putative pyrimidine permease RutG 
387,BCEN2424_RS27325,424.8390796,-0.392386678,0.197170761,0.004901745,0.068585928,0.392386678,hypothetical protein,,2,NA,NA
458,Bcen2424_4824,237.2331698,-0.386053497,0.215378444,0.007117493,0.084061525,0.386053497,response regulator transcription factor,,2,K07687,"K07687 two-component system, NarL family, captular synthesis response regulator RcsB "
345,Bcen2424_0929,205.2056339,-0.385868477,0.175977352,0.003336569,0.052452832,0.385868477,hypothetical protein,,1,NA,no KO assigned 
280,Bcen2424_2671,404.0256415,-0.377202877,0.152009799,0.001655724,0.031706142,0.377202877,hypothetical protein,,1,NA,no KO assigned 
249,Bcen2424_5787,401.7796587,-0.37573054,0.144107816,0.001244851,0.026929614,0.37573054,peptidyl-prolyl cis-trans isomerase,,2,K03769,K03769 peptidyl-prolyl cis-trans isomerase C [EC:5.2.1.8] 
288,Bcen2424_1058,294.3202384,-0.374525516,0.153095598,0.00178607,0.03349665,0.374525516,alpha/beta hydrolase,,1,NA,no KO assigned 
511,BCEN2424_RS34565,117.1792199,-0.371349701,0.219826087,0.009208671,0.09765942,0.371349701,hypothetical protein,,1,NA,NA
289,Bcen2424_3337,771.7512282,-0.370880347,0.150718418,0.001820034,0.034014269,0.370880347,helix-turn-helix transcriptional regulator,,2,NA,no KO assigned 
320,Bcen2424_0828,552.8157306,-0.369512129,0.160279823,0.002727826,0.046139974,0.369512129,alanine--glyoxylate aminotransferase family protein,,1,NA,no KO assigned 
489,Bcen2424_2282,208.6547765,-0.359346561,0.201776165,0.008483909,0.09370274,0.359346561,quaternary ammonium compound efflux SMR transporter SugE,sugE,1,K11741,K11741 quaternary ammonium compound-resistance protein SugE 
253,Bcen2424_2399,1568.042845,-0.357380386,0.137474547,0.001294665,0.027569665,0.357380386,hypothetical protein,,1,NA,no KO assigned 
468,Bcen2424_0282,134.6121515,-0.357231329,0.196765151,0.00759797,0.08790292,0.357231329,cation transporter,,1,NA,no KO assigned 
302,Bcen2424_2498,263.629561,-0.34960258,0.14345925,0.002201283,0.039350689,0.34960258,hypothetical protein,,1,NA,no KO assigned 
421,Bcen2424_3643,1315.498439,-0.348471034,0.184541671,0.006030631,0.077671626,0.348471034,hypothetical protein,,2,NA,no KO assigned 
389,Bcen2424_4388,433.7810322,-0.346976453,0.166902066,0.005048277,0.070451798,0.346976453,VRR-NUC domain-containing protein,,2,NA,no KO assigned 
453,Bcen2424_2306,5281.827533,-0.346427129,0.187898766,0.006817673,0.081498019,0.346427129,RcnB family protein,,1,NA,no KO assigned 
488,Bcen2424_1512,133.9656351,-0.344059822,0.188507532,0.008480931,0.09370274,0.344059822,transposase,,1,NA,no KO assigned 
416,Bcen2424_2775,312.3696622,-0.343642496,0.172088743,0.005903923,0.076890188,0.343642496,DNA-3-methyladenine glycosylase,,1,K03652,K03652 DNA-3-methyladenine glycosylase [EC:3.2.2.21] 
490,Bcen2424_3902,1447.498058,-0.342086997,0.182805114,0.008494788,0.09370274,0.342086997,CerR family C-terminal domain-containing protein,,2,K23777,"K23777 TetR/AcrR family transcriptional regulator, regulator of cefoperazone and chloramphenicol sen "
244,Bcen2424_0667,365.2305256,-0.341097223,0.127683459,0.001210106,0.026696597,0.341097223,LysR family transcriptional regulator,,1,K21645,"K21645 LysR family transcriptional regulator, hypochlorite-specific transcription factor HypT "
467,Bcen2424_0922,250.6363581,-0.341009236,0.180652305,0.007551469,0.087554451,0.341009236,hypothetical protein,,1,NA,no KO assigned 
326,Bcen2424_2251,2492.275913,-0.330897643,0.13961068,0.002876673,0.047750977,0.330897643,triose-phosphate isomerase,,1,K01803,K01803 triosephosphate isomerase (TIM) [EC:5.3.1.1] 
476,Bcen2424_2111,516.8858502,-0.329184121,0.172494228,0.007961888,0.090530378,0.329184121,DNA internalization-related competence protein ComEC/Rec2,,1,K02238,K02238 competence protein ComEC 
484,Bcen2424_0071,265.3452687,-0.328472914,0.173357747,0.008276881,0.092552155,0.328472914,glutamine amidotransferase,,1,K01951,K01951 GMP synthase (glutamine-hydrolysing) [EC:6.3.5.2] 
438,Bcen2424_5322,165.5605295,-0.326410008,0.160325223,0.006347513,0.078510055,0.326410008,MFS transporter,,2,K03535,"K03535 MFS transporter, ACS family, glucarate transporter "
398,Bcen2424_3689,290.5990691,-0.321213736,0.151595047,0.005267934,0.071818127,0.321213736,O-methyltransferase,,2,NA,no KO assigned 
430,Bcen2424_2004,245.2220694,-0.309224029,0.14715528,0.006228132,0.078510055,0.309224029,RNA methyltransferase,,1,K03437,"K03437 RNA methyltransferase, TrmH family "
527,Bcen2424_3495,310.6608941,-0.302928847,0.160116314,0.009948362,0.102257684,0.302928847,LysR family transcriptional regulator,,2,NA,no KO assigned 
508,Bcen2424_2618,740.1753881,-0.300359081,0.15401635,0.009045368,0.096501978,0.300359081,response regulator,,1,K07666,"K07666 two-component system, OmpR family, response regulator QseB "
412,Bcen2424_0633,2191.998139,-0.299734044,0.137443789,0.005762738,0.075744282,0.299734044,barstar family protein,,1,NA,no KO assigned 
403,Bcen2424_5125,729.7662819,-0.296084916,0.135639335,0.005421322,0.072989843,0.296084916,TonB-dependent receptor,,2,NA,no KO assigned 
460,Bcen2424_4792,590.9686034,-0.29457504,0.140974985,0.007157381,0.084061525,0.29457504,LysR family transcriptional regulator,,2,NA,no KO assigned 
406,Bcen2424_0018,225.1780379,-0.29315418,0.133131176,0.005469696,0.073088813,0.29315418,DUF2628 domain-containing protein,,1,NA,no KO assigned 
301,Bcen2424_0070,3921.328778,-0.280921636,0.109812851,0.002194899,0.039350689,0.280921636,winged helix-turn-helix transcriptional regulator,,1,NA,no KO assigned 
278,Bcen2424_3187,1866.290065,-0.181631814,0.357254428,0.001553178,0.030078759,0.181631814,non-ribosomal peptide synthetase,,2,NA,no KO assigned 
401,Bcen2424_3184,965.886284,-0.086154949,0.204214086,0.005356891,0.072487548,0.086154949,DUF3050 domain-containing protein,,2,NA,no KO assigned 
501,Bcen2424_2912,1087.244648,0.201839607,0.087761137,0.008928816,0.09622377,0.201839607,fumarylacetoacetate hydrolase family protein,,1,K16171,K16171 fumarylacetoacetate (FAA) hydrolase [EC:3.7.1.2] 
507,Bcen2424_1076,595.6589501,0.238567205,0.110189585,0.009030122,0.096501978,0.238567205,ribosome small subunit-dependent GTPase A,rsgA,1,K06949,K06949 ribosome biogenesis GTPase / thiamine phosphate phosphatase [EC:3.6.1.- 3.1.3.100] 
450,Bcen2424_1471,1168.255885,0.241644014,0.106212678,0.006705732,0.080672041,0.241644014,alpha/beta hydrolase,,1,NA,no KO assigned 
377,Bcen2424_2209,22205.90667,0.246807846,0.102188549,0.004491786,0.064539239,0.246807846,membrane protein,,1,K07230,K07230 periplasmic iron binding protein 
480,Bcen2424_0440,1258.879398,0.249745224,0.115713413,0.008131569,0.091694594,0.249745224,Nif3-like dinuclear metal center hexameric protein,,1,NA,no KO assigned 
492,Bcen2424_2805,842.0580967,0.259025133,0.122186952,0.008520025,0.09370274,0.259025133,histidinol-phosphate transaminase,,1,K00817,K00817 histidinol-phosphate aminotransferase [EC:2.6.1.9] 
524,Bcen2424_2537,1488.477437,0.261459712,0.127130997,0.009832783,0.101580028,0.261459712,EAL domain-containing protein,,1,NA,no KO assigned 
470,Bcen2424_2981,3290.433773,0.265798852,0.126005236,0.007755669,0.089340625,0.265798852,UDP-N-acetylglucosamine diphosphorylase/glucosamine-1-phosphate N-acetyltransferase,glmU,1,K04042,K04042 bifunctional UDP-N-acetylglucosamine pyrophosphorylase / glucosamine-1-phosphate N-acetyltran 
415,Bcen2424_2916,1181.614356,0.265958582,0.118928268,0.005889168,0.076890188,0.265958582,5-methyltetrahydrofolate--homocysteine methyltransferase,,1,K00548,K00548 5-methyltetrahydrofolate--homocysteine methyltransferase [EC:2.1.1.13] 
357,Bcen2424_2736,3290.671957,0.266986625,0.108008571,0.003640512,0.055279941,0.266986625,"threonine ammonia-lyase, biosynthetic",ilvA,1,K01754,K01754 threonine dehydratase [EC:4.3.1.19] 
304,Bcen2424_1799,1100.208309,0.270316111,0.103365092,0.002271418,0.040334644,0.270316111,potassium transporter Kup,,1,K03549,K03549 KUP system potassium uptake protein 
424,Bcen2424_0505,523.1047235,0.273044387,0.12339063,0.006134334,0.077696713,0.273044387,IS110 family transposase,,1,NA,no KO assigned 
425,Bcen2424_0567,523.1047235,0.273044387,0.12339063,0.006134334,0.077696713,0.273044387,IS110 family transposase,,1,NA,no KO assigned 
426,Bcen2424_0767,523.1047235,0.273044387,0.12339063,0.006134334,0.077696713,0.273044387,IS110 family transposase,,1,NA,no KO assigned 
427,Bcen2424_2205,523.1047235,0.273044387,0.12339063,0.006134334,0.077696713,0.273044387,IS110 family transposase,,1,NA,no KO assigned 
428,Bcen2424_2966,523.1047235,0.273044387,0.12339063,0.006134334,0.077696713,0.273044387,IS110 family transposase,,1,NA,no KO assigned 
523,Bcen2424_1945,3849.758805,0.273186705,0.13607667,0.009799184,0.101505117,0.273186705,acetylornithine deacetylase,argE,1,K01438,K01438 acetylornithine deacetylase [EC:3.5.1.16] 
227,Bcen2424_1462,1369.037097,0.27545655,0.095625597,0.001011318,0.023964066,0.27545655,SDR family oxidoreductase,,1,NA,no KO assigned 
284,Bcen2424_2799,5823.840645,0.277728359,0.102554297,0.001699262,0.032207646,0.277728359,tetratricopeptide repeat protein,,1,NA,no KO assigned 
522,Bcen2424_2702,3911.973017,0.280071492,0.141079112,0.009793514,0.101505117,0.280071492,glycine--tRNA ligase subunit beta,,1,K01879,K01879 glycyl-tRNA synthetase beta chain [EC:6.1.1.14] 
526,Bcen2424_2932,529.2274435,0.291516575,0.150190136,0.00986343,0.101580028,0.291516575,8-amino-7-oxononanoate synthase,bioF,1,K00652,K00652 8-amino-7-oxononanoate synthase [EC:2.3.1.47] 
515,Bcen2424_0997,1338.763984,0.294681062,0.151169466,0.009392483,0.098659912,0.294681062,ribonuclease PH,rph,1,K00989,K00989 ribonuclease PH [EC:2.7.7.56] 
390,Bcen2424_0976,2380.659931,0.295091679,0.131650578,0.005091047,0.07086366,0.295091679,outer membrane lipoprotein chaperone LolA,lolA,1,K03634,K03634 outer membrane lipoprotein carrier protein 
325,Bcen2424_0129,302.3723583,0.298124412,0.121549042,0.002856275,0.047560098,0.298124412,ethanolamine ammonia-lyase subunit EutB,,1,K03735,K03735 ethanolamine ammonia-lyase large subunit [EC:4.3.1.7] 
381,Bcen2424_1085,2281.318479,0.298837735,0.132852217,0.004609101,0.065520332,0.298837735,thymidylate synthase,,1,K00560,K00560 thymidylate synthase [EC:2.1.1.45] 
316,Bcen2424_2911,568.0208595,0.300440367,0.120568316,0.002594923,0.044312665,0.300440367,enoyl-CoA hydratase/isomerase family protein,,1,K01692,K01692 enoyl-CoA hydratase [EC:4.2.1.17] 
245,Bcen2424_0874,2247.446858,0.307863986,0.110635383,0.001217201,0.026696597,0.307863986,dTDP-4-dehydrorhamnose reductase,rfbD,1,K00067,K00067 dTDP-4-dehydrorhamnose reductase [EC:1.1.1.133] 
519,Bcen2424_0631,3268.980152,0.308360637,0.16256976,0.009630772,0.10053999,0.308360637,NADP-dependent malic enzyme,,1,K00029,K00029 malate dehydrogenase (oxaloacetate-decarboxylating)(NADP+) [EC:1.1.1.40] 
455,Bcen2424_5149,160.5615725,0.309928857,0.150781329,0.006863865,0.081709035,0.309928857,sarcosine oxidase subunit alpha family protein,,2,K00302,"K00302 sarcosine oxidase, subunit alpha [EC:1.5.3.1] "
510,Bcen2424_0813,725.2419091,0.310573831,0.16274664,0.009163976,0.09737863,0.310573831,acyl-CoA dehydrogenase,,1,K00252,K00252 glutaryl-CoA dehydrogenase [EC:1.3.8.6] 
265,Bcen2424_0587,3474.529886,0.31396285,0.117591509,0.001430602,0.029074406,0.31396285,proline--tRNA ligase,,1,K01881,K01881 prolyl-tRNA synthetase [EC:6.1.1.15] 
150,Bcen2424_3917,995.6645006,0.314036851,0.097908197,0.000276275,0.009910671,0.314036851,PLP-dependent aminotransferase family protein,,2,K00375,K00375 GntR family transcriptional regulator / MocR family aminotransferase 
478,Bcen2424_1801,12839.37314,0.314911465,0.160555614,0.008067444,0.09135697,0.314911465,adenylosuccinate synthase,,1,K01939,K01939 adenylosuccinate synthase [EC:6.3.4.4] 
262,Bcen2424_2023,273.6245244,0.315326297,0.118470199,0.001402889,0.028840153,0.315326297,peptide deformylase,,1,K01462,K01462 peptide deformylase [EC:3.5.1.88] 
472,Bcen2424_1486,7612.111629,0.317173646,0.160793157,0.007854019,0.089898817,0.317173646,outer membrane protein assembly factor BamC,bamC,1,K07287,K07287 outer membrane protein assembly factor BamC 
520,Bcen2424_4999,6267.29366,0.31929236,0.172567958,0.00965346,0.100580402,0.31929236,helix-turn-helix transcriptional regulator,,2,K12243,"K12243 AraC family transcriptional regulator, transcriptional activator of the genes for pyochelin a "
502,Bcen2424_2631,5709.209143,0.320755481,0.16990523,0.008948455,0.09622377,0.320755481,branched-chain amino acid transaminase,,1,K00826,K00826 branched-chain amino acid aminotransferase [EC:2.6.1.42] 
422,Bcen2424_2220,404.2580686,0.320908231,0.15533204,0.006069412,0.077696713,0.320908231,membrane protein,,1,NA,no KO assigned 
366,Bcen2424_0409,1012.714313,0.322112605,0.143093139,0.00412084,0.06101355,0.322112605,ABC transporter ATP-binding protein/permease,,1,K02471,K02471 vitamin B12/bleomycin/antimicrobial peptide transport system ATP-binding/permease protein 
463,Bcen2424_1352,273.5072084,0.322763858,0.162194043,0.0071873,0.084061525,0.322763858,response regulator,,1,K02483,"K02483 two-component system, OmpR family, response regulator "
420,Bcen2424_2627,3472.107751,0.324055866,0.154453049,0.006010463,0.077598856,0.324055866,pyruvate kinase,pyk,1,K00873,K00873 pyruvate kinase [EC:2.7.1.40] 
499,Bcen2424_0796,487.3404803,0.324482181,0.173135894,0.008899731,0.09622377,0.324482181,hypothetical protein,,1,NA,no KO assigned 
361,Bcen2424_1038,1165.51907,0.326840989,0.144457904,0.003880444,0.05826116,0.326840989,bifunctional 3-demethylubiquinone 3-O-methyltransferase/2-octaprenyl-6-hydroxy phenol methylase,,1,K00568,K00568 2-polyprenyl-6-hydroxyphenyl methylase / 3-demethylubiquinone-9 3-methyltransferase [EC:2.1.1 
419,Bcen2424_1307,1139.917022,0.327242941,0.157770341,0.005990138,0.0775237,0.327242941,polyphosphate kinase 1,ppk1,1,K00937,K00937 polyphosphate kinase [EC:2.7.4.1] 
465,Bcen2424_0962,190.9051987,0.327320077,0.166483674,0.007322314,0.085267469,0.327320077,hypothetical protein,,1,NA,no KO assigned 
322,Bcen2424_2256,761.5981679,0.331362158,0.138482753,0.002781639,0.046754279,0.331362158,hypothetical protein,,1,NA,no KO assigned 
239,Bcen2424_1855,2692.508109,0.33162743,0.122669914,0.001166232,0.026196762,0.33162743,pyridoxal phosphate-dependent aminotransferase,,1,K14260,K14260 alanine-synthesizing transaminase [EC:2.6.1.66 2.6.1.2] 
456,Bcen2424_0867,1151.78421,0.333998304,0.169501572,0.006972846,0.082821919,0.333998304,aspartate carbamoyltransferase catalytic subunit,,1,K00609,K00609 aspartate carbamoyltransferase catalytic subunit [EC:2.1.3.2] 
162,Bcen2424_2746,1526.016699,0.335814238,0.109193451,0.000349609,0.011606569,0.335814238,EcsC family protein,,1,NA,no KO assigned 
429,Bcen2424_3982,460.5627353,0.33732742,0.166920438,0.006174749,0.078023714,0.33732742,YihY/virulence factor BrkB family protein,,2,K07058,K07058 membrane protein 
442,Bcen2424_1791,2356.267924,0.338623534,0.167773256,0.00649852,0.079153126,0.338623534,class I poly(R)-hydroxyalkanoic acid synthase,phaC,1,K03821,K03821 polyhydroxyalkanoate synthase subunit PhaC [EC:2.3.1.-] 
243,Bcen2424_0740,992.2459703,0.339874745,0.12645773,0.001197174,0.026551425,0.339874745,carbon-nitrogen hydrolase family protein,,1,K11206,K11206 deaminated glutathione amidase [EC:3.5.1.128] 
199,Bcen2424_1944,3734.1848,0.342603239,0.1195785,0.000660643,0.017907773,0.342603239,transcription-repair coupling factor,mfd,1,K03723,K03723 transcription-repair coupling factor (superfamily II helicase) [EC:3.6.4.-] 
359,Bcen2424_1018,426.7351377,0.343033024,0.153467644,0.003749294,0.05661011,0.343033024,guanine deaminase,guaD,1,K01487,K01487 guanine deaminase [EC:3.5.4.3] 
439,Bcen2424_3875,3060.374248,0.344384627,0.172774881,0.006360122,0.078510055,0.344384627,sulfurtransferase,,2,K01011,K01011 thiosulfate/3-mercaptopyruvate sulfurtransferase [EC:2.8.1.1 2.8.1.2] 
448,Bcen2424_3111,586.3078218,0.344752394,0.17497073,0.006554066,0.07925675,0.344752394,rod shape-determining protein MreC,mreC,1,K03570,K03570 rod shape-determining protein MreC 
350,Bcen2424_2608,6707.515383,0.345934911,0.152413525,0.003396606,0.052622784,0.345934911,efflux RND transporter permease subunit,,1,K18138,K18138 multidrug efflux pump 
205,Bcen2424_2418,796.987923,0.34802678,0.123146573,0.000734963,0.019351617,0.34802678,aldehyde dehydrogenase family protein,,1,K00128,K00128 aldehyde dehydrogenase (NAD+) [EC:1.2.1.3] 
155,Bcen2424_2626,6829.365843,0.350054938,0.114807995,0.000308295,0.010700248,0.350054938,fructose-bisphosphate aldolase class II,,1,K01624,"K01624 fructose-bisphosphate aldolase, class II [EC:4.1.2.13] "
202,Bcen2424_2920,3407.452847,0.352817084,0.123090123,0.000687364,0.01836979,0.352817084,cell division protein,,1,NA,no KO assigned 
440,Bcen2424_3936,4711.79476,0.352902382,0.179106694,0.006388421,0.078598276,0.352902382,succinate dehydrogenase flavoprotein subunit,,2,K00239,"K00239 succinate dehydrogenase / fumarate reductase, flavoprotein subunit [EC:1.3.5.1 1.3.5.4] "
260,Bcen2424_2191,5089.976706,0.353131063,0.134198502,0.001376753,0.028522262,0.353131063,acetate--CoA ligase,acs,1,K01895,K01895 acetyl-CoA synthetase [EC:6.2.1.1] 
273,Bcen2424_4577,510.4257923,0.354288255,0.138094026,0.001519881,0.029890449,0.354288255,mechanosensitive ion channel family protein,,2,K16053,K16053 miniconductance mechanosensitive channel 
275,Bcen2424_0549,1164.810057,0.355822289,0.13837964,0.001538981,0.030078759,0.355822289,"2-polyprenyl-3-methyl-6-methoxy-1,4-benzoquinone monooxygenase",coq7,1,K06134,K06134 3-demethoxyubiquinol 3-hydroxylase [EC:1.14.99.60] 
497,Bcen2424_2140,2997.367463,0.356229801,0.200387317,0.008868247,0.09622377,0.356229801,bifunctional methylenetetrahydrofolate dehydrogenase/methenyltetrahydrofolate cyclohydrolase FolD,folD,1,K01491,K01491 methylenetetrahydrofolate dehydrogenase (NADP+) / methenyltetrahydrofolate cyclohydrolase [EC 
349,Bcen2424_3074,1325.611888,0.358057932,0.161650769,0.003383654,0.052574511,0.358057932,hypothetical protein,,1,NA,no KO assigned 
414,Bcen2424_0431,727.8761524,0.359359786,0.181242321,0.005860643,0.076777298,0.359359786,imidazole glycerol phosphate synthase subunit HisF,hisF,1,K02500,K02500 imidazole glycerol-phosphate synthase subunit HisF [EC:4.3.2.10] 
146,Bcen2424_3860,1586.736232,0.359774617,0.113898506,0.000262383,0.009671962,0.359774617,molybdate ABC transporter substrate-binding protein,modA,2,K02020,K02020 molybdate transport system substrate-binding protein 
378,Bcen2424_4181,1156.78075,0.359871497,0.17109948,0.004517165,0.064584196,0.359871497,gamma-glutamyltransferase,ggt,2,K00681,K00681 gamma-glutamyltranspeptidase / glutathione hydrolase [EC:2.3.2.2 3.4.19.13] 
503,Bcen2424_4261,148.1327057,0.360528628,0.206637298,0.008950275,0.09622377,0.360528628,glycerophosphodiester phosphodiesterase,,2,K01126,K01126 glycerophosphoryl diester phosphodiesterase [EC:3.1.4.46] 
212,Bcen2424_1648,2143.701371,0.360899865,0.130190711,0.000842786,0.021374221,0.360899865,hypothetical protein,,1,NA,no KO assigned 
161,Bcen2424_2274,1319.104793,0.361974796,0.116694395,0.000336555,0.011243051,0.361974796,TIGR00730 family Rossman fold protein,,1,NA,no KO assigned 
509,Bcen2424_4877,200.3601512,0.364614317,0.211837738,0.009118637,0.097089865,0.364614317,type II toxin-antitoxin system prevent-host-death family antitoxin,,2,K19159,K19159 antitoxin YefM 
148,Bcen2424_5035,377.8795195,0.364978286,0.116336157,0.000268503,0.00976292,0.364978286,FadR family transcriptional regulator,,2,K05799,"K05799 GntR family transcriptional regulator, transcriptional repressor for pyruvate dehydrogenase c "
512,Bcen2424_1405,7845.958425,0.366976464,0.209797969,0.009269781,0.098112827,0.366976464,glutamine--tRNA ligase/YqeY domain fusion protein,,1,K01886,K01886 glutaminyl-tRNA synthetase [EC:6.1.1.18] 
516,Bcen2424_5016,215.7428143,0.36846519,0.2179748,0.009395303,0.098659912,0.36846519,ABC transporter ATP-binding protein,livG,2,K01995,K01995 branched-chain amino acid transport system ATP-binding protein 
418,Bcen2424_3865,138.897601,0.369066782,0.189661268,0.005939939,0.077060617,0.369066782,MarR family transcriptional regulator,,2,K23775,"K23775 MarR family transcriptional regulator, organic hydroperoxide resistance regulator "
69,Bcen2424_0383,737.2872107,0.370098174,0.092690253,1.10E-05,0.000848824,0.370098174,protein-methionine-sulfoxide reductase catalytic subunit MsrP,msrP,1,K07147,K07147 methionine sulfoxide reductase catalytic subunit [EC:1.8.-.-] 
341,Bcen2424_1865,3534.51506,0.370605116,0.165111233,0.00314575,0.05004176,0.370605116,PhoH family protein,,1,K07175,K07175 PhoH-like ATPase 
423,Bcen2424_2507,12053.30999,0.374149984,0.194395811,0.006089837,0.077696713,0.374149984,aminotransferase,,1,K00507,K00507 stearoyl-CoA desaturase (Delta-9 desaturase) [EC:1.14.19.1] 
312,Bcen2424_5265,197.1412601,0.37466474,0.160396099,0.002494094,0.04314217,0.37466474,hypothetical protein,,2,NA,no KO assigned 
393,Bcen2424_4024,496.6431853,0.375118752,0.186678985,0.005179805,0.071540201,0.375118752,glycosyltransferase family 2 protein,,2,K20534,K20534 polyisoprenyl-phosphate glycosyltransferase [EC:2.4.-.-] 
254,Bcen2424_2154,1766.376783,0.375367138,0.14334109,0.001305014,0.027679756,0.375367138,beta-propeller fold lactonase family protein,,1,NA,no KO assigned 
409,Bcen2424_4585,592.9437663,0.37809805,0.193482194,0.005599808,0.074091557,0.37809805,ABC transporter substrate-binding protein,,2,K02035,K02035 peptide/nickel transport system substrate-binding protein 
234,Bcen2424_4178,469.2396763,0.378100101,0.14419382,0.001116578,0.025724609,0.378100101,amino acid permease,,2,K16263,K16263 amino acid efflux transporter 
285,Bcen2424_2322,4340.109752,0.378151046,0.152514912,0.001713837,0.032365794,0.378151046,lactonase family protein,,1,K07404,K07404 6-phosphogluconolactonase [EC:3.1.1.31] 
358,Bcen2424_0224,1895.943961,0.378895225,0.174829756,0.003693758,0.055929561,0.378895225,hypothetical protein,,1,NA,no KO assigned 
291,Bcen2424_5668,143.8994263,0.382742765,0.158015352,0.001918614,0.035606167,0.382742765,heme-binding protein,,2,K11477,K11477 glc operon protein GlcG 
122,Bcen2424_2926,1335.066443,0.383918951,0.114915861,0.000127485,0.00563146,0.383918951,bifunctional isocitrate dehydrogenase kinase/phosphatase,aceK,1,K00906,K00906 isocitrate dehydrogenase kinase/phosphatase [EC:2.7.11.5 3.1.3.-] 
335,Bcen2424_1023,129.876773,0.384738429,0.17273797,0.003067195,0.049438546,0.384738429,GntR family transcriptional regulator,,1,NA,no KO assigned 
303,Bcen2424_2088,2746.782515,0.385134285,0.161809359,0.002210268,0.039379609,0.385134285,DNA mismatch repair protein MutS,mutS,1,K03555,K03555 DNA mismatch repair protein MutS 
434,Bcen2424_1227,78.102831,0.387802116,0.206314381,0.006304718,0.078510055,0.387802116,hypothetical protein,,1,NA,no KO assigned 
386,Bcen2424_1606,2003.595956,0.388548631,0.194506637,0.00482039,0.067624629,0.388548631,sugar ABC transporter substrate-binding protein,,1,K10439,K10439 ribose transport system substrate-binding protein 
483,Bcen2424_5730,1151.918942,0.389809363,0.22698169,0.008217181,0.092077216,0.389809363,aldo/keto reductase,,2,K05882,K05882 aryl-alcohol dehydrogenase (NADP+) [EC:1.1.1.91] 
324,Bcen2424_0534,1572.09577,0.397098954,0.174574397,0.002815595,0.047029229,0.397098954,anthranilate synthase component I,,1,K01657,K01657 anthranilate synthase component I [EC:4.1.3.27] 
238,Bcen2424_2323,1816.933722,0.398121104,0.155005008,0.001163823,0.026196762,0.398121104,glycoside hydrolase family 15 protein,,1,NA,no KO assigned 
197,Bcen2424_2231,787.5263661,0.400152432,0.143396112,0.000650289,0.017761208,0.400152432,acyl-CoA dehydrogenase,,1,NA,no KO assigned 
114,Bcen2424_0314,3694.822912,0.401108025,0.118270889,9.56E-05,0.00451988,0.401108025,N-acetyl-gamma-glutamyl-phosphate reductase,argC,1,K00145,K00145 N-acetyl-gamma-glutamyl-phosphate reductase [EC:1.2.1.38] 
225,Bcen2424_5436,2551.499039,0.401883358,0.151986955,0.00100096,0.023923297,0.401883358,VOC family protein,,2,NA,no KO assigned 
411,Bcen2424_0916,244.02466,0.403379777,0.214868528,0.00572406,0.075543453,0.403379777,DUF1439 domain-containing protein,,1,NA,no KO assigned 
431,Bcen2424_0274,1656.81369,0.404479013,0.222857117,0.006246167,0.078510055,0.404479013,methylenetetrahydrofolate reductase [NAD(P)H],metF,1,K00297,K00297 methylenetetrahydrofolate reductase (NADPH) [EC:1.5.1.20] 
330,Bcen2424_3797,716.2104631,0.40473674,0.18179024,0.002979665,0.048853705,0.40473674,ABC transporter ATP-binding protein,,2,K06147,"K06147 ATP-binding cassette, subfamily B, bacterial "
479,Bcen2424_0530,306.0281724,0.405328809,0.247859092,0.008115665,0.091694594,0.405328809,CYTH domain-containing protein,,1,K18446,K18446 triphosphatase [EC:3.6.1.25] 
400,Bcen2424_5750,123.5903522,0.405791004,0.212464409,0.005326699,0.072261946,0.405791004,4-carboxymuconolactone decarboxylase,pcaC,2,K01607,K01607 4-carboxymuconolactone decarboxylase [EC:4.1.1.44] 
495,Bcen2424_2364,356.9745616,0.406116709,0.251291468,0.008680743,0.094884607,0.406116709,integrase arm-type DNA-binding domain-containing protein,,1,NA,no KO assigned 
496,Bcen2424_2197,14653.87127,0.406327416,0.25405674,0.008855203,0.09622377,0.406327416,(2Fe-2S)-binding protein,,1,K02192,K02192 bacterioferritin-associated ferredoxin 
413,Bcen2424_3084,91.22735577,0.407817685,0.21763242,0.005767619,0.075744282,0.407817685,plasmid maintenance system killer,,1,K07334,K07334 toxin HigB-1 
482,Bcen2424_2273,2483.187509,0.408091593,0.246905978,0.008188385,0.091947305,0.408091593,TetR/AcrR family transcriptional regulator,,1,NA,no KO assigned 
457,Bcen2424_0671,607.3931426,0.408649785,0.233267977,0.007059913,0.083670145,0.408649785,glutamate/aspartate ABC transporter permease GltK,gltK,1,K10002,K10002 glutamate/aspartate transport system permease protein 
71,Bcen2424_0674,928.534715,0.409622963,0.105238949,1.19E-05,0.000881227,0.409622963,class II glutamine amidotransferase,,1,NA,no KO assigned 
313,Bcen2424_4406,186.7484198,0.409967274,0.181631136,0.002564256,0.044212734,0.409967274,(2Fe-2S)-binding protein,,2,K07302,K07302 isoquinoline 1-oxidoreductase subunit alpha [EC:1.3.99.16] 
251,Bcen2424_0800,7494.852859,0.411022145,0.161341028,0.00125536,0.02694739,0.411022145,Tol-Pal system protein TolB,tolB,1,K03641,K03641 TolB protein 
190,Bcen2424_2203,1421.547836,0.411539827,0.146669415,0.000587961,0.016716228,0.411539827,DUF1857 family protein,,1,NA,no KO assigned 
310,Bcen2424_3969,403.0914588,0.414269707,0.177094944,0.002447192,0.04260665,0.414269707,NAD-dependent epimerase/dehydratase family protein,,2,K22252,K22252 GDP-6-deoxy-D-talose 4-dehydrogenase [EC:1.1.1.135] 
247,Bcen2424_1633,28307.0866,0.415971839,0.163917187,0.00123338,0.026854856,0.415971839,MbtH family NRPS accessory protein,,1,K05375,K05375 MbtH protein 
506,Bcen2424_0045,505.9020205,0.417213806,0.26651649,0.009024959,0.096501978,0.417213806,type II toxin-antitoxin system VapC family toxin,,1,NA,no KO assigned 
346,Bcen2424_0585,1061.804337,0.421266538,0.198148431,0.0033617,0.052506445,0.421266538,hypothetical protein,,1,NA,no KO assigned 
217,Bcen2424_1613,36412.68506,0.422313283,0.160232062,0.000922639,0.022907239,0.422313283,PrkA family serine protein kinase,,1,K07180,K07180 serine protein kinase 
136,Bcen2424_5669,2029.26604,0.423156756,0.133267338,0.000195961,0.007758593,0.423156756,malate synthase G,,2,K01638,K01638 malate synthase [EC:2.3.3.9] 
404,Bcen2424_4979,665.1124967,0.423909536,0.228862441,0.005450815,0.073088813,0.423909536,sigma-54-dependent Fis family transcriptional regulator,,2,K21405,"K21405 sigma-54 dependent transcriptional regulator, acetoin dehydrogenase operon transcriptional ac "
360,Bcen2424_0715,2262.207415,0.424059073,0.20483769,0.003844621,0.057885912,0.424059073,YceI family protein,,1,NA,no KO assigned 
362,Bcen2424_4549,107.3967749,0.42486468,0.210233017,0.003964516,0.059356696,0.42486468,cysteine hydrolase,,2,NA,no KO assigned 
274,Bcen2424_5177,313.7559871,0.427169795,0.17730988,0.001521086,0.029890449,0.427169795,NAD(P)H-dependent oxidoreductase,,2,K00299,K00299 FMN reductase [EC:1.5.1.38] 
405,Bcen2424_3929,850.5425247,0.427440303,0.23227988,0.005465433,0.073088813,0.427440303,bifunctional 2-methylcitrate dehydratase/aconitate hydratase,,2,K01720,K01720 2-methylcitrate dehydratase [EC:4.2.1.79] 
461,Bcen2424_1479,1877.550871,0.430995268,0.258650478,0.007159442,0.084061525,0.430995268,phenylalanine--tRNA ligase subunit alpha,pheS,1,K01889,K01889 phenylalanyl-tRNA synthetase alpha chain [EC:6.1.1.20] 
410,Bcen2424_0728,2439.819143,0.43164892,0.23774695,0.005600185,0.074091557,0.43164892,non-specific DNA-binding protein DpsA,dpsA,1,K04047,K04047 starvation-inducible DNA-binding protein 
449,Bcen2424_4591,250.4158145,0.431962692,0.25227484,0.006678572,0.080580056,0.431962692,ABC transporter substrate-binding protein,,2,K02035,K02035 peptide/nickel transport system substrate-binding protein 
163,Bcen2424_2563,2122.421357,0.432937332,0.146547865,0.000372179,0.012279594,0.432937332,N-acetylmuramoyl-L-alanine amidase,,1,K01448,K01448 N-acetylmuramoyl-L-alanine amidase [EC:3.5.1.28] 
39,Bcen2424_1890,1781.462114,0.433058093,0.09653195,9.61E-07,0.000131697,0.433058093,ankyrin repeat domain-containing protein,,1,K06867,K06867 uncharacterized protein 
399,Bcen2424_4901,483.2281293,0.434135483,0.235026515,0.005280547,0.071818127,0.434135483,glutamine synthetase,,2,K01915,K01915 glutamine synthetase [EC:6.3.1.2] 
464,Bcen2424_1508,25936.00037,0.434230329,0.264591116,0.007219303,0.084251472,0.434230329,2-oxoglutarate dehydrogenase E1 component,,1,K00164,K00164 2-oxoglutarate dehydrogenase E1 component [EC:1.2.4.2] 
108,Bcen2424_4864,1201.873226,0.434425813,0.126201734,6.96E-05,0.003477098,0.434425813,"alpha,alpha-trehalase TreA",treA,2,K01194,"K01194 alpha,alpha-trehalase [EC:3.2.1.28] "
485,Bcen2424_3939,9844.318781,0.435086183,0.281348273,0.008362615,0.093210927,0.435086183,citrate (Si)-synthase,gltA,2,K01647,K01647 citrate synthase [EC:2.3.3.1] 
213,Bcen2424_2562,476.1999636,0.435712166,0.163972332,0.000843772,0.021374221,0.435712166,tRNA (adenosine(37)-N6)-threonylcarbamoyltransferase complex ATPase subunit type 1 TsaE,tsaE,1,K06925,K06925 tRNA threonylcarbamoyladenosine biosynthesis protein TsaE 
521,Bcen2424_0812,6584.092463,0.437809809,0.310371192,0.009755257,0.101443282,0.437809809,peroxiredoxin,,1,K24158,K24158 thioredoxin-dependent peroxiredoxin [EC:1.11.1.24] 
139,Bcen2424_2794,1261.312685,0.438091174,0.140722209,0.000212907,0.008246283,0.438091174,HPr kinase/phosphorylase,,1,K06023,K06023 HPr kinase/phosphorylase [EC:2.7.11.- 2.7.4.-] 
222,BCEN2424_RS36825,456.9378576,0.438967712,0.168960542,0.000971997,0.023615099,0.438967712,adenosine deaminase,,1,NA,NA
214,Bcen2424_1793,1399.181635,0.439608419,0.167205664,0.000857398,0.02151671,0.439608419,RluA family pseudouridine synthase,,1,K06180,K06180 23S rRNA pseudouridine1911/1915/1917 synthase [EC:5.4.99.23] 
231,Bcen2424_3796,265.493056,0.440572149,0.172382328,0.00106052,0.024744966,0.440572149,GNAT family N-acetyltransferase,,2,NA,no KO assigned 
382,Bcen2424_2972,376.375153,0.44072495,0.233343397,0.0047138,0.066826354,0.44072495,LacI family transcriptional regulator,,1,NA,no KO assigned 
298,Bcen2424_1210,2905.024532,0.441549962,0.195274393,0.002135824,0.038698228,0.441549962,Fe(3+) ABC transporter substrate-binding protein,,1,K02012,K02012 iron(III) transport system substrate-binding protein 
174,Bcen2424_3108,2210.599821,0.441863046,0.153645009,0.000420274,0.013060269,0.441863046,Asp-tRNA(Asn)/Glu-tRNA(Gln) amidotransferase subunit GatA,gatA,1,K02433,K02433 aspartyl-tRNA(Asn)/glutamyl-tRNA(Gln) amidotransferase subunit A [EC:6.3.5.6 6.3.5.7] 
207,Bcen2424_1917,1977.234235,0.442621348,0.165654164,0.000788625,0.020561951,0.442621348,glucose-6-phosphate isomerase,pgi,1,K01810,K01810 glucose-6-phosphate isomerase [EC:5.3.1.9] 
169,Bcen2424_5620,297.3646505,0.442902256,0.153095675,0.000401401,0.012847221,0.442902256,nucleotidyl transferase AbiEii/AbiGii toxin family protein,,2,NA,no KO assigned 
172,Bcen2424_2748,1005.588051,0.443850858,0.152372041,0.000409839,0.012885827,0.443850858,CHRD domain-containing protein,,1,NA,no KO assigned 
471,Bcen2424_2823,434.2583305,0.447349222,0.287477198,0.007819203,0.089878796,0.447349222,SIS domain-containing protein,,1,K00820,K00820 glutamine---fructose-6-phosphate transaminase (isomerizing) [EC:2.6.1.16] 
505,Bcen2424_0104,10819.00884,0.448902558,0.318431613,0.008965283,0.09622377,0.448902558,F0F1 ATP synthase subunit alpha,,1,K02111,K02111 F-type H+/Na+-transporting ATPase subunit alpha [EC:7.1.2.2 7.2.2.1] 
256,Bcen2424_1991,10023.95876,0.454421289,0.181553676,0.001320975,0.027797685,0.454421289,IMP dehydrogenase,guaB,1,K00088,K00088 IMP dehydrogenase [EC:1.1.1.205] 
355,Bcen2424_0756,353.1644308,0.458689722,0.229393889,0.003591229,0.054843192,0.458689722,deoxynucleoside kinase,,1,NA,no KO assigned 
269,Bcen2424_2712,890.6153295,0.45956692,0.191591587,0.001476781,0.029563284,0.45956692,phosphotransferase,,1,K07102,K07102 N-acetylmuramate 1-kinase [EC:2.7.1.221] 
116,Bcen2424_0531,831.2946864,0.460705794,0.139671406,0.00010113,0.004690773,0.460705794,indole-3-glycerol phosphate synthase TrpC,trpC,1,K01609,K01609 indole-3-glycerol phosphate synthase [EC:4.1.1.48] 
338,Bcen2424_5495,573.5504516,0.463470629,0.22482624,0.003116537,0.049873923,0.463470629,GNAT family N-acetyltransferase,,2,NA,no KO assigned 
99,Bcen2424_2795,1255.526327,0.46543766,0.130797629,4.06E-05,0.002214643,0.46543766,RNase adapter RapZ,rapZ,1,K06958,K06958 RNase adapter protein RapZ 
270,Bcen2424_3290,1327.762655,0.465768057,0.19577612,0.001485939,0.029635609,0.465768057,"arabinogalactan endo-1,4-beta-galactosidase",,2,K01224,"K01224 arabinogalactan endo-1,4-beta-galactosidase [EC:3.2.1.89] "
525,Bcen2424_5693,1342.309966,0.468895016,0.370772633,0.009852842,0.101580028,0.468895016,AAA family ATPase,,2,K03496,K03496 chromosome partitioning protein 
307,Bcen2424_3937,3872.261581,0.469933344,0.215848961,0.002383993,0.041915931,0.469933344,succinate dehydrogenase iron-sulfur subunit,,2,K00240,"K00240 succinate dehydrogenase / fumarate reductase, iron-sulfur subunit [EC:1.3.5.1 1.3.5.4] "
138,Bcen2424_0757,1297.060237,0.470803532,0.153028039,0.000207742,0.008104973,0.470803532,2-amino-4-hydroxy-6-hydroxymethyldihydropteridine diphosphokinase,folK,1,K00950,K00950 2-amino-4-hydroxy-6-hydroxymethyldihydropteridine diphosphokinase [EC:2.7.6.3] 
443,Bcen2424_1107,276.6098373,0.474163794,0.292786131,0.00650076,0.079153126,0.474163794,molybdopterin molybdotransferase MoeA,,1,K03750,K03750 molybdopterin molybdotransferase [EC:2.10.1.1] 
179,Bcen2424_0963,542.962131,0.474657764,0.168863704,0.000465993,0.014071948,0.474657764,hypothetical protein,,1,NA,no KO assigned 
286,Bcen2424_3862,1299.146921,0.475598044,0.205816285,0.001719717,0.032365794,0.475598044,PHB depolymerase family esterase,,2,NA,no KO assigned 
328,Bcen2424_4696,74.97940586,0.476908323,0.22993327,0.002920503,0.048179294,0.476908323,DNA-binding protein,,2,K06934,K06934 uncharacterized protein 
498,Bcen2424_5181,461.6364054,0.476998392,0.348554229,0.00888981,0.09622377,0.476998392,ImmA/IrrE family metallo-endopeptidase,,2,NA,no KO assigned 
195,Bcen2424_2800,461.1040314,0.480854277,0.178917011,0.000628912,0.017417265,0.480854277,lipoprotein localization protein LolB,lolB,1,K02494,K02494 outer membrane lipoprotein LolB 
311,Bcen2424_3868,1713.513196,0.482027906,0.224333935,0.002456605,0.042631665,0.482027906,hypothetical protein,,2,NA,no KO assigned 
459,Bcen2424_4164,96.51910854,0.483831918,0.316871152,0.007147949,0.084061525,0.483831918,glutathione ABC transporter permease GsiC,gsiC,2,K13890,K13890 glutathione transport system permease protein 
246,Bcen2424_2793,4138.703602,0.483909187,0.195766473,0.001218703,0.026696597,0.483909187,PTS transporter subunit EIIA,,1,K02806,K02806 nitrogen PTS system EIIA component [EC:2.7.1.-] 
395,Bcen2424_2824,441.747278,0.48413125,0.281329472,0.005220472,0.07156445,0.48413125,N-acetylglucosamine-6-phosphate deacetylase,nagA,1,K01443,K01443 N-acetylglucosamine-6-phosphate deacetylase [EC:3.5.1.25] 
277,Bcen2424_2459,5330.41874,0.486087104,0.207693915,0.00155067,0.030078759,0.486087104,SIMPL domain-containing protein,,1,NA,no KO assigned 
469,Bcen2424_5697,275.99342,0.489337748,0.33758613,0.007725307,0.089183083,0.489337748,DNA-binding protein,,2,NA,no KO assigned 
131,Bcen2424_1908,1176.431556,0.489468869,0.155528314,0.000168659,0.006934494,0.489468869,YdiU family protein,,1,K08997,K08997 serine/tyrosine/threonine adenylyltransferase [EC:2.7.7.-] 
486,Bcen2424_4542,31.77227168,0.496897663,0.352385502,0.008370673,0.093210927,0.496897663,MarR family transcriptional regulator,,2,NA,no KO assigned 
475,Bcen2424_4231,30.3266053,0.497174106,0.339851463,0.007900323,0.090036728,0.497174106,"2-hydroxyhepta-2,4-diene-1,7-dioate isomerase",,2,K05921,"K05921 5-oxopent-3-ene-1,2,5-tricarboxylate decarboxylase / 2-hydroxyhepta-2,4-diene-1,7-dioate isom "
132,Bcen2424_2568,1676.769738,0.499835426,0.159796086,0.000171497,0.006997353,0.499835426,pyridoxamine 5'-phosphate oxidase,pdxH,1,K00275,K00275 pyridoxamine 5'-phosphate oxidase [EC:1.4.3.5] 
264,Bcen2424_0982,963.4773921,0.500153199,0.210564937,0.001414498,0.028856842,0.500153199,GNAT family N-acetyltransferase,,1,NA,no KO assigned 
154,Bcen2424_2908,14042.98318,0.500837281,0.165909804,0.000294695,0.010295048,0.500837281,ferritin,,1,NA,no KO assigned 
152,Bcen2424_3867,905.9262214,0.501576251,0.169871797,0.000282248,0.009990847,0.501576251,homoserine kinase,,2,K02204,K02204 homoserine kinase type II [EC:2.7.1.39] 
228,Bcen2424_5459,85.00635079,0.503285009,0.201367287,0.001013261,0.023964066,0.503285009,helix-turn-helix transcriptional regulator,,2,NA,no KO assigned 
221,Bcen2424_4987,481.3933965,0.505709461,0.201018079,0.000956966,0.023356087,0.505709461,serine/threonine-protein kinase,,2,NA,no KO assigned 
252,Bcen2424_5568,249.2753534,0.508623215,0.211586847,0.001264344,0.027031673,0.508623215,Crp/Fnr family transcriptional regulator,,2,NA,no KO assigned 
79,Bcen2424_4273,938.1209759,0.508647608,0.134281742,1.45E-05,0.000986658,0.508647608,NADH:flavin oxidoreductase/NADH oxidase,,2,NA,no KO assigned 
513,Bcen2424_0540,39.55239832,0.508854607,0.419861331,0.009296858,0.098204952,0.508854607,hydroxyphenylacetyl-CoA thioesterase PaaI,paaI,1,K02614,K02614 acyl-CoA thioesterase [EC:3.1.2.-] 
441,Bcen2424_4309,37.71204177,0.510757635,0.32306344,0.006396679,0.078598276,0.510757635,MarR family transcriptional regulator,,2,NA,no KO assigned 
107,Bcen2424_2218,2520.772138,0.513619224,0.151961111,6.84E-05,0.003448199,0.513619224,DUF2863 family protein,,1,NA,no KO assigned 
151,Bcen2424_0552,334.7007849,0.515180311,0.175890692,0.000280663,0.009990847,0.515180311,cell division protein FtsL,ftsL,1,K03586,K03586 cell division protein FtsL 
293,Bcen2424_0103,2867.184498,0.520726422,0.237753783,0.001962197,0.036165325,0.520726422,F0F1 ATP synthase subunit delta,,1,K02113,K02113 F-type H+-transporting ATPase subunit delta 
266,Bcen2424_1225,103.2961539,0.523437172,0.224867046,0.001451061,0.029269516,0.523437172,molybdopterin-dependent oxidoreductase,,1,NA,no KO assigned 
292,Bcen2424_4878,131.2120248,0.523725164,0.237671908,0.001925198,0.035606167,0.523725164,Txe/YoeB family addiction module toxin,,2,K19158,K19158 toxin YoeB [EC:3.1.-.-] 
129,Bcen2424_5611,844.8843365,0.529082005,0.169934778,0.000157822,0.006590288,0.529082005,SDR family oxidoreductase,,2,K16216,K16216 benzil reductase ((S)-benzoin forming) [EC:1.1.1.320] 
124,Bcen2424_1453,1695.051985,0.532178327,0.169471475,0.000144454,0.006277282,0.532178327,FAD-binding oxidoreductase,,1,NA,no KO assigned 
407,Bcen2424_4959,41.72865479,0.535390412,0.331976136,0.005497499,0.073183806,0.535390412,enoyl-CoA hydratase,,2,NA,no KO assigned 
300,Bcen2424_1180,783.0077161,0.53803581,0.253649637,0.00216379,0.03894093,0.53803581,aspartate aminotransferase family protein,,1,K00840,K00840 succinylornithine aminotransferase [EC:2.6.1.81] 
493,Bcen2424_3273,41.27283765,0.542645898,0.445150439,0.008569964,0.094058435,0.542645898,MFS transporter,,2,NA,no KO assigned 
491,Bcen2424_1326,402.0861166,0.54296123,0.464918908,0.008516827,0.09370274,0.54296123,integrase family protein,,1,NA,no KO assigned 
75,Bcen2424_0532,1003.321108,0.547731167,0.144594465,1.34E-05,0.000938402,0.547731167,anthranilate phosphoribosyltransferase,trpD,1,K00766,K00766 anthranilate phosphoribosyltransferase [EC:2.4.2.18] 
417,Bcen2424_2497,266.646709,0.549311751,0.364279131,0.005912417,0.076890188,0.549311751,branched-chain amino acid ABC transporter permease,,1,K01997,K01997 branched-chain amino acid transport system permease protein 
158,Bcen2424_5717,361.8186377,0.55105948,0.193952703,0.000319138,0.010864905,0.55105948,siderophore-interacting protein,,2,NA,no KO assigned 
187,Bcen2424_2934,817.8731373,0.552542606,0.206059212,0.000556819,0.016087564,0.552542606,biotin synthase BioB,bioB,1,K01012,K01012 biotin synthase [EC:2.8.1.6] 
73,Bcen2424_5280,4529.698848,0.553887919,0.145106863,1.26E-05,0.000925232,0.553887919,S8/S53 family peptidase,,2,K08677,K08677 kumamolisin 
135,Bcen2424_5701,3191.324728,0.557244219,0.185549676,0.000185162,0.00738575,0.557244219,glycine C-acetyltransferase,,2,K00639,K00639 glycine C-acetyltransferase [EC:2.3.1.29] 
142,Bcen2424_1790,5678.393031,0.557836221,0.190015451,0.000238242,0.009031237,0.557836221,acetyl-CoA C-acetyltransferase,,1,K00626,K00626 acetyl-CoA C-acetyltransferase [EC:2.3.1.9] 
396,Bcen2424_2495,557.2083603,0.559187177,0.352007396,0.005221728,0.07156445,0.559187177,ABC transporter ATP-binding protein,,1,K01995,K01995 branched-chain amino acid transport system ATP-binding protein 
258,Bcen2424_1022,171.5173577,0.564924695,0.245093624,0.00134557,0.028094023,0.564924695,amidase,,1,K02433,K02433 aspartyl-tRNA(Asn)/glutamyl-tRNA(Gln) amidotransferase subunit A [EC:6.3.5.6 6.3.5.7] 
250,Bcen2424_2200,5739.128242,0.565905186,0.240388836,0.001249494,0.026929614,0.565905186,biopolymer transporter ExbD,,1,K03559,K03559 biopolymer transport protein ExbD 
281,Bcen2424_2804,198.4111117,0.568800184,0.257744971,0.001656634,0.031706142,0.568800184,aminoacyl-tRNA hydrolase,pth,1,K01056,"K01056 peptidyl-tRNA hydrolase, PTH1 family [EC:3.1.1.29] "
242,Bcen2424_4905,93.01263441,0.568986246,0.239691488,0.001176281,0.026196762,0.568986246,DUF488 domain-containing protein,,2,NA,no KO assigned 
267,Bcen2424_1509,7530.025481,0.569713891,0.254699459,0.001451155,0.029269516,0.569713891,2-oxoglutarate dehydrogenase complex dihydrolipoyllysine-residue succinyltransferase,odhB,1,K00658,K00658 2-oxoglutarate dehydrogenase E2 component (dihydrolipoamide succinyltransferase) [EC:2.3.1.61 
113,Bcen2424_0228,763.2771665,0.572109038,0.176454115,9.13E-05,0.004356955,0.572109038,hypothetical protein,,1,NA,no KO assigned 
271,Bcen2424_5434,2895.651535,0.576259519,0.257400918,0.001519088,0.029890449,0.576259519,iron ABC transporter permease,,2,K02015,K02015 iron complex transport system permease protein 
364,Bcen2424_4027,46.33255519,0.579158617,0.332477546,0.004062014,0.060477614,0.579158617,DUF1090 family protein,,2,NA,no KO assigned 
140,Bcen2424_5619,409.3291435,0.582181462,0.196792727,0.000221832,0.008530157,0.582181462,helix-turn-helix domain-containing protein,,2,NA,no KO assigned 
452,Bcen2424_1505,484.2278108,0.582738376,0.448936502,0.006814138,0.081498019,0.582738376,efflux transporter outer membrane subunit,,1,NA,no KO assigned 
296,Bcen2424_0670,393.5677563,0.583849689,0.281816975,0.002099301,0.038296128,0.583849689,amino acid ABC transporter permease,,1,K10003,K10003 glutamate/aspartate transport system permease protein 
166,Bcen2424_2577,181.3131857,0.584756923,0.212626072,0.000395537,0.012847221,0.584756923,arylformamidase,kynB,1,K07130,K07130 arylformamidase [EC:3.5.1.9] 
259,Bcen2424_0677,766.8213701,0.589535601,0.260177973,0.001356422,0.028210414,0.589535601,OsmC family protein,,1,K07397,K07397 putative redox protein 
255,Bcen2424_3932,7314.727021,0.594693333,0.260083398,0.001313947,0.027759072,0.594693333,malate dehydrogenase,,2,K00024,K00024 malate dehydrogenase [EC:1.1.1.37] 
37,Bcen2424_2931,525.4577085,0.594856127,0.134762791,8.36E-07,0.000120827,0.594856127,adenosylmethionine--8-amino-7-oxononanoate transaminase,,1,K00833,K00833 adenosylmethionine---8-amino-7-oxononanoate aminotransferase [EC:2.6.1.62] 
173,Bcen2424_3454,107.2083592,0.594991895,0.216929326,0.000416673,0.013024075,0.594991895,DUF1330 domain-containing protein,,2,NA,no KO assigned 
294,Bcen2424_4735,176445.5656,0.595882796,0.286515876,0.002064526,0.037920583,0.595882796,porin,,2,NA,no KO assigned 
329,Bcen2424_3938,1098.011196,0.596579949,0.316174708,0.002976312,0.048853705,0.596579949,succinate dehydrogenase assembly factor 2,,2,K09159,K09159 antitoxin CptB 
175,Bcen2424_0543,319.9046,0.601057301,0.222585165,0.000425416,0.013143631,0.601057301,phenylacetic acid degradation protein PaaN,paaN,1,NA,no KO assigned 
348,Bcen2424_5241,146.1469737,0.601265397,0.331655122,0.00336945,0.052506445,0.601265397,TetR/AcrR family transcriptional regulator,,2,NA,no KO assigned 
55,Bcen2424_1641,57903.34339,0.607477774,0.151729168,4.91E-06,0.000469104,0.607477774,non-ribosomal peptide synthetase,,1,NA,no KO assigned 
126,Bcen2424_2491,736.0560832,0.610465285,0.200520655,0.000152415,0.006517277,0.610465285,acetylornithine transaminase,,1,K00821,K00821 acetylornithine/N-succinyldiaminopimelate aminotransferase [EC:2.6.1.11 2.6.1.17] 
299,Bcen2424_4607,730.0531735,0.612618428,0.300895943,0.002155233,0.03891798,0.612618428,porin,,2,NA,no KO assigned 
352,Bcen2424_4092,299.29878,0.613439613,0.346715791,0.003519424,0.054211295,0.613439613,type II toxin-antitoxin system VapC family toxin,,2,NA,no KO assigned 
30,Bcen2424_5020,653.5054607,0.615918342,0.132087436,2.53E-07,4.50E-05,0.615918342,hypothetical protein,,2,NA,no KO assigned 
356,Bcen2424_5613,1737.456262,0.618646785,0.35333243,0.00362401,0.055186136,0.618646785,dihydrodipicolinate synthase family protein,,2,K01714,K01714 4-hydroxy-tetrahydrodipicolinate synthase [EC:4.3.3.7] 
25,Bcen2424_4272,785.9754335,0.621199798,0.127156347,7.98E-08,1.71E-05,0.621199798,type 1 glutamine amidotransferase domain-containing protein,,2,NA,no KO assigned 
339,Bcen2424_3194,54.64377943,0.623271557,0.3376642,0.003144299,0.05004176,0.623271557,helix-turn-helix transcriptional regulator,,2,K03892,"K03892 ArsR family transcriptional regulator, arsenate/arsenite/antimonite-responsive transcriptiona "
268,Bcen2424_0102,4856.581468,0.630626313,0.29217681,0.001465263,0.029442972,0.630626313,F0F1 ATP synthase subunit B,,1,K02109,K02109 F-type H+-transporting ATPase subunit b 
67,Bcen2424_5718,706.7688568,0.63455976,0.165326676,9.44E-06,0.000753454,0.63455976,PadR family transcriptional regulator,,2,NA,no KO assigned 
191,Bcen2424_5555,138.7884891,0.636382484,0.247255799,0.000605112,0.017063724,0.636382484,hypothetical protein,,2,NA,no KO assigned 
33,Bcen2424_1642,17793.08743,0.641199028,0.140367547,3.81E-07,6.18E-05,0.641199028,acetyltransferase,,1,K03896,K03896 acetyl CoA:N6-hydroxylysine acetyl transferase [EC:2.3.1.102] 
101,Bcen2424_5612,662.8738684,0.645120436,0.187720886,4.21E-05,0.002247873,0.645120436,MOSC domain-containing protein,,2,NA,no KO assigned 
77,Bcen2424_2933,120.2466953,0.652877307,0.174616813,1.35E-05,0.000938402,0.652877307,dethiobiotin synthase,bioD,1,K01935,K01935 dethiobiotin synthetase [EC:6.3.3.3] 
319,BCEN2424_RS34745,3206.912017,0.655867249,0.347256646,0.002723606,0.046139974,0.655867249,hypothetical protein,,1,NA,NA
462,Bcen2424_1543,650.9095181,0.657563047,0.659230309,0.007179851,0.084061525,0.657563047,sugar ABC transporter ATP-binding protein,,1,K10441,K10441 ribose transport system ATP-binding protein [EC:7.5.2.7] 
504,Bcen2424_4264,11.19362796,0.667327517,0.701965001,0.008951636,NA,0.667327517,cupin domain-containing protein,,2,NA,no KO assigned 
229,Bcen2424_4452,308.5987497,0.667666987,0.287950884,0.001031391,0.024190628,0.667666987,TonB-dependent receptor,,2,K16092,K16092 vitamin B12 transporter 
230,Bcen2424_5019,5315.749341,0.668601237,0.285698824,0.001031892,0.024190628,0.668601237,branched-chain amino acid ABC transporter substrate-binding protein,,2,K01999,K01999 branched-chain amino acid transport system substrate-binding protein 
104,Bcen2424_2199,12013.1263,0.672560865,0.200595623,4.81E-05,0.002496521,0.672560865,MotA/TolQ/ExbB proton channel family protein,,1,K03561,K03561 biopolymer transport protein ExbB 
170,Bcen2424_5017,341.7662975,0.672704114,0.250431586,0.00040607,0.012885827,0.672704114,high-affinity branched-chain amino acid ABC transporter permease LivM,,2,K01998,K01998 branched-chain amino acid transport system permease protein 
95,Bcen2424_0810,1321.620856,0.672884312,0.193727581,3.30E-05,0.001875389,0.672884312,membrane protein,,1,NA,no KO assigned 
380,Bcen2424_3265,47.93673077,0.674739946,0.441322647,0.004531164,0.064584196,0.674739946,DsbA family oxidoreductase,,2,NA,no KO assigned 
28,Bcen2424_1647,5801.325623,0.681901859,0.142081216,1.28E-07,2.45E-05,0.681901859,nucleotidyltransferase,,1,NA,no KO assigned 
257,Bcen2424_5237,378.515227,0.692208609,0.317534838,0.001343654,0.028094023,0.692208609,acetyl/propionyl/methylcrotonyl-CoA carboxylase subunit alpha,,2,K01968,K01968 3-methylcrotonyl-CoA carboxylase alpha subunit [EC:6.4.1.4] 
218,Bcen2424_5516,1066.438395,0.692861454,0.29187088,0.000925718,0.022907239,0.692861454,2-methylcitrate synthase,prpC,2,K01659,K01659 2-methylcitrate synthase [EC:2.3.3.5] 
81,Bcen2424_1646,21723.85976,0.693465075,0.187984428,1.48E-05,0.000986658,0.693465075,acetyltransferase,,1,K03896,K03896 acetyl CoA:N6-hydroxylysine acetyl transferase [EC:2.3.1.102] 
363,Bcen2424_5517,753.8282177,0.698375462,0.458319134,0.00404904,0.060452853,0.698375462,methylisocitrate lyase,prpB,2,K03417,K03417 methylisocitrate lyase [EC:4.1.3.30] 
165,Bcen2424_2792,25135.47229,0.699494853,0.259459307,0.000388249,0.012731227,0.699494853,ribosome-associated translation inhibitor RaiA,raiA,1,K05808,K05808 putative sigma-54 modulation protein 
110,Bcen2424_5432,33048.55108,0.701080887,0.21718937,7.64E-05,0.003748563,0.701080887,hemin-degrading factor,,2,K07225,K07225 putative hemin transport protein 
147,Bcen2424_5556,512.9752155,0.701149957,0.247644462,0.000265767,0.009729603,0.701149957,hypothetical protein,,2,NA,no KO assigned 
26,Bcen2424_2524,9271.672033,0.725163142,0.150410348,9.86E-08,2.03E-05,0.725163142,NADP-dependent isocitrate dehydrogenase,icd,1,K00031,K00031 isocitrate dehydrogenase [EC:1.1.1.42] 
82,Bcen2424_2426,4787.59697,0.726119451,0.199467588,1.71E-05,0.001129554,0.726119451,phosphoenolpyruvate carboxylase,ppc,1,K01595,K01595 phosphoenolpyruvate carboxylase [EC:4.1.1.31] 
63,Bcen2424_1010,458.976022,0.734059215,0.189550345,7.05E-06,0.000598495,0.734059215,TonB-dependent receptor,,1,K02014,K02014 iron complex outermembrane recepter protein 
133,Bcen2424_4904,97.34600782,0.741657393,0.251749622,0.000179516,0.007269032,0.741657393,DUF2945 domain-containing protein,,2,NA,no KO assigned 
46,Bcen2424_2335,6596.503836,0.744259529,0.179984978,2.47E-06,0.000284634,0.744259529,transaldolase,tal,1,K00616,K00616 transaldolase [EC:2.2.1.2] 
50,Bcen2424_3109,532.383481,0.752259015,0.184403389,2.88E-06,0.00030812,0.752259015,Asp-tRNA(Asn)/Glu-tRNA(Gln) amidotransferase subunit GatC,gatC,1,K02435,K02435 aspartyl-tRNA(Asn)/glutamyl-tRNA(Gln) amidotransferase subunit C [EC:6.3.5.6 6.3.5.7] 
86,Bcen2424_0278,828.1754424,0.75838343,0.214190093,2.37E-05,0.001470088,0.75838343,branched-chain amino acid ABC transporter substrate-binding protein,,1,K01999,K01999 branched-chain amino acid transport system substrate-binding protein 
85,Bcen2424_0533,961.4036403,0.760636104,0.215564401,2.33E-05,0.001470088,0.760636104,aminodeoxychorismate/anthranilate synthase component II,,1,K01658,K01658 anthranilate synthase component II [EC:4.1.3.27] 
111,Bcen2424_1643,41639.30296,0.777711918,0.244840104,8.25E-05,0.004010458,0.777711918,lysine N(6)-hydroxylase/L-ornithine N(5)-oxygenase family protein,,1,K10531,K10531 L-ornithine N5-monooxygenase [EC:1.14.13.195 1.14.13.196] 
59,Bcen2424_1645,15728.87445,0.799882078,0.20571957,5.62E-06,0.000509435,0.799882078,folate-dependent phosphoribosylglycinamide formyltransferase PurN-like protein,,1,NA,no KO assigned 
118,Bcen2424_3011,194.9123852,0.802880773,0.258632197,0.000105057,0.004799401,0.802880773,chromate transporter,,1,K07240,K07240 chromate transporter 
143,Bcen2424_1243,428.0208155,0.804115107,0.28723978,0.000250574,0.009431808,0.804115107,3-methyl-2-oxobutanoate dehydrogenase (2-methylpropanoyl-transferring) subunit alpha,,1,K00166,K00166 2-oxoisovalerate dehydrogenase E1 component alpha subunit [EC:1.2.4.4] 
391,Bcen2424_4992,125.9092032,0.811027086,0.69207079,0.005130391,0.071225814,0.811027086,hypothetical protein,,2,NA,no KO assigned 
103,Bcen2424_1454,277.8385933,0.815393468,0.243442243,4.42E-05,0.002314914,0.815393468,DUF2069 domain-containing protein,,1,NA,no KO assigned 
35,Bcen2424_1640,125127.5704,0.815406752,0.181201859,4.23E-07,6.46E-05,0.815406752,non-ribosomal peptide synthetase,,1,NA,no KO assigned 
184,Bcen2424_5614,2101.36335,0.818408979,0.322364259,0.000528626,0.015524764,0.818408979,aldolase,,2,K01628,K01628 L-fuculose-phosphate aldolase [EC:4.1.2.17] 
68,Bcen2424_2198,7010.566679,0.82746483,0.222219331,1.02E-05,0.000798062,0.82746483,energy transducer TonB,,1,K03832,K03832 periplasmic protein TonB 
57,Bcen2424_0795,1121.022107,0.832018325,0.212483003,5.13E-06,0.000481045,0.832018325,hypothetical protein,,1,NA,no KO assigned 
94,Bcen2424_5431,30763.18155,0.853572005,0.248398602,3.15E-05,0.001812895,0.853572005,TonB-dependent hemoglobin/transferrin/lactoferrin family receptor,,2,K16087,K16087 hemoglobin/transferrin/lactoferrin receptor protein 
153,Bcen2424_4746,88.67940644,0.888389817,0.324359124,0.000286751,0.010083451,0.888389817,efflux RND transporter periplasmic adaptor subunit,,2,K19586,"K19586 membrane fusion protein, multidrug efflux system "
119,Bcen2424_5433,12250.78123,0.929170548,0.306209049,0.000113059,0.005121191,0.929170548,ABC transporter substrate-binding protein,,2,K02016,K02016 iron complex transport system substrate-binding protein 
160,Bcen2424_5154,395.1888378,0.961378297,0.364211474,0.000332757,0.01118608,0.961378297,FadR family transcriptional regulator,,2,K05799,"K05799 GntR family transcriptional regulator, transcriptional repressor for pyruvate dehydrogenase c "
40,Bcen2424_4263,2171.160425,0.991789979,0.236441709,1.48E-06,0.000198127,0.991789979,porin,,2,NA,no KO assigned 
70,Bcen2424_1644,80301.9917,0.997138472,0.275248517,1.15E-05,0.000877847,0.997138472,TonB-dependent siderophore receptor,,1,K02014,K02014 iron complex outermembrane recepter protein 
78,Bcen2424_4315,1150.232319,1.000856842,0.275233433,1.35E-05,0.000938402,1.000856842,hypothetical protein,,2,NA,no KO assigned 
15,Bcen2424_2523,6070.446929,1.037237762,0.200897212,1.44E-08,4.90E-06,1.037237762,NADP-dependent isocitrate dehydrogenase,,1,K00031,K00031 isocitrate dehydrogenase [EC:1.1.1.42] 
241,Bcen2424_4564,86.74858355,1.042061242,0.49563039,0.001174826,0.026196762,1.042061242,hypothetical protein,,2,NA,no KO assigned 
224,Bcen2424_4690,2256.357301,1.07072879,0.495614585,0.001000939,0.023923297,1.07072879,universal stress protein,,2,NA,no KO assigned 
282,Bcen2424_4990,2858.91081,1.106789921,0.58763568,0.001660939,0.031706142,1.106789921,RhtX/FptX family siderophore transporter,,2,NA,no KO assigned 
38,Bcen2424_1361,219.7905003,1.15482021,0.269673924,9.12E-07,0.000128217,1.15482021,TonB-dependent receptor,,1,K02014,K02014 iron complex outermembrane recepter protein 
342,Bcen2424_4993,16179.58959,1.173631302,0.843834659,0.003253611,0.051604015,1.173631302,TonB-dependent siderophore receptor,,2,K16088,K16088 outer-membrane receptor for ferric coprogen and ferric-rhodotorulic acid 
20,Bcen2424_1362,92.22888797,1.27494102,0.257669749,3.95E-08,1.06E-05,1.27494102,hypothetical protein,,1,NA,no KO assigned 
13,Bcen2424_3465,680.8076928,1.327770297,0.246849282,3.85E-09,1.58E-06,1.327770297,TonB-dependent siderophore receptor,,2,K16090,K16090 catecholate siderophore receptor 
41,Bcen2424_5239,473.8542531,1.353139601,0.32873204,1.69E-06,0.000220362,1.353139601,methylcrotonoyl-CoA carboxylase,,2,K01969,K01969 3-methylcrotonyl-CoA carboxylase beta subunit [EC:6.4.1.4] 
149,Bcen2424_4989,1727.474325,1.393318363,0.525829658,0.00027616,0.009910671,1.393318363,MFS transporter,,2,K08224,"K08224 MFS transporter, YNFM family, putative membrane transport protein "
42,Bcen2424_5238,272.281176,1.414408424,0.344141912,1.85E-06,0.000235724,1.414408424,enoyl-CoA hydratase/isomerase family protein,,2,K13766,K13766 methylglutaconyl-CoA hydratase [EC:4.2.1.18] 
17,Bcen2424_4811,64.61897086,1.422120691,0.277069804,1.56E-08,4.90E-06,1.422120691,type II toxin-antitoxin system Phd/YefM family antitoxin,,2,NA,no KO assigned 
83,Bcen2424_4565,363.6214519,1.46823499,0.422183197,2.07E-05,0.001352197,1.46823499,magnesium-translocating P-type ATPase,mgtA,2,K01531,K01531 P-type Mg2+ transporter [EC:7.2.2.14] 
27,Bcen2424_1359,1055.828256,1.597030748,0.339923475,1.15E-07,2.29E-05,1.597030748,sigma-70 family RNA polymerase sigma factor,,1,K23514,"K23514 RNA polymerase sigma-19 factor, ECF subfamily "
52,Bcen2424_1360,406.0054171,1.603798575,0.413338964,4.38E-06,0.000445548,1.603798575,DUF4880 domain-containing protein,,1,K07165,K07165 transmembrane sensor 
5,Bcen2424_4810,456.7241899,1.687889991,0.24487003,2.71E-13,2.90E-10,1.687889991,Fe2+-dependent dioxygenase,,2,K07336,K07336 PKHD-type hydroxylase [EC:1.14.11.-] 
4,Bcen2424_4809,290.7129886,1.708111511,0.24303023,1.05E-13,1.41E-10,1.708111511,sel1 repeat family protein,,2,K07126,K07126 uncharacterized protein 
24,Bcen2424_2048,4105.217828,1.860530598,0.389350755,7.74E-08,1.71E-05,1.860530598,isocitrate lyase,aceA,1,K01637,K01637 isocitrate lyase [EC:4.1.3.1] 
9,Bcen2424_5240,823.5654797,1.891262831,0.341176932,1.39E-09,8.24E-07,1.891262831,isovaleryl-CoA dehydrogenase,,2,K00253,K00253 isovaleryl-CoA dehydrogenase [EC:1.3.8.4] 
11,Bcen2424_0226,1192.08779,2.01762495,0.370851581,2.41E-09,1.10E-06,2.01762495,hypothetical protein,,1,NA,no KO assigned 
3,Bcen2424_4808,3199.436588,2.109874792,0.225441923,3.93E-22,7.00E-19,2.109874792,TonB-dependent siderophore receptor,,2,K16090,K16090 catecholate siderophore receptor 
1,Bcen2424_4695,5680.137212,2.376765673,0.179513618,2.71E-41,1.45E-37,2.376765673,bifunctional aconitate hydratase 2/2-methylisocitrate dehydratase,acnB,2,K01682,K01682 aconitate hydratase 2 / 2-methylisocitrate dehydratase [EC:4.2.1.3 4.2.1.99] 
2,Bcen2424_4447,4584.092302,3.06912622,0.306425801,6.44E-25,1.72E-21,3.06912622,isocitrate lyase,,2,K01637,K01637 isocitrate lyase [EC:4.1.3.1] 